area,industry,occupation,employment,employment_percent_relative_standard_error,annual_mean_wage,wage_percent_relative_standard_error,annual_10th_percentile_wage,annual_25th_percentile_wage,annual_median_wage,annual_75th_percentile_wage,annual_90th_percentile_wage,log_employment,annual_mean_wage_winsorized,annual_10th_percentile_wage_winsorized,annual_25th_percentile_wage_winsorized,annual_median_wage_winsorized,annual_75th_percentile_wage_winsorized,annual_90th_percentile_wage_winsorized,wage_spread,wage_progression_ratio,year,log_employment_normalized,annual_mean_wage_winsorized_normalized,annual_10th_percentile_wage_winsorized_normalized,annual_25th_percentile_wage_winsorized_normalized,annual_median_wage_winsorized_normalized,annual_75th_percentile_wage_winsorized_normalized,annual_90th_percentile_wage_winsorized_normalized,wage_spread_normalized,wage_progression_ratio_normalized
National,"Cross-Industry, Private, Federal, State, and Local (000000)",All Occupations (00-0000),155495730.0,0.0,69770.0,0.1,31200.0,37590.0,50980.0,80520.0,128560.0,18.862128835830507,69770.0,31200.0,37590.0,50980.0,80520.0,128560.0,97360.0,4.12051282051282,2025,3.4182524386467867,-0.09847772057701797,-0.7159400462350304,-0.6622996178803527,-0.4499717729577616,-0.10701785006488165,0.19798594210887438,0.33585798038377573,0.954452130510055
National,"Cross-industry, Private Ownership only (000001)",All Occupations (00-0000),132782040.0,0.0,68930.0,0.1,30670.0,37030.0,48990.0,79110.0,129020.0,18.704219552428007,68930.0,30670.0,37030.0,48990.0,79110.0,129020.0,98350.0,4.206716661232475,2025,3.330501648102501,-0.13475789297423074,-0.7859120892669628,-0.7115662104878799,-0.5499860765615936,-0.15221736449208145,0.20818174955914182,0.3595613773240672,1.0469111253310803
National,"Sector 11 - Agriculture, Forestry, Fishing and Hunting (11--12)",All Occupations (00-0000),413350.0,0.0,44590.0,0.4,33880.0,34630.0,36740.0,46420.0,63350.0,12.932052389935183,44590.0,33880.0,34630.0,36740.0,46420.0,63350.0,29470.0,1.8698347107438016,2025,0.12288635944686407,-1.186019078864896,-0.36211914939431605,-0.922708750234425,-1.1656520158314132,-1.2001408585524795,-1.2473805879605593,-1.289620421915603,-1.4595404939216061
National,Forestry and Logging (113000),All Occupations (00-0000),41620.0,0.1,56690.0,0.8,34670.0,44290.0,52640.0,63850.0,79040.0,10.636360126569123,56690.0,34670.0,44290.0,52640.0,63850.0,79040.0,44370.0,2.279780790308624,2025,-1.1528385796834988,-0.6634118336193311,-0.25782119845992635,-0.07286002775458086,-0.3665427558811983,-0.6413979248885842,-0.8996148947112199,-0.9328723265516209,-1.0198477594569175
National,Logging (113300),All Occupations (00-0000),41620.0,0.1,56690.0,0.8,34670.0,44290.0,52640.0,63850.0,79040.0,10.636360126569123,56690.0,34670.0,44290.0,52640.0,63850.0,79040.0,44370.0,2.279780790308624,2025,-1.1528385796834988,-0.6634118336193311,-0.25782119845992635,-0.07286002775458086,-0.3665427558811983,-0.6413979248885842,-0.8996148947112199,-0.9328723265516209,-1.0198477594569175
National,Support Activities for Agriculture and Forestry (115000),All Occupations (00-0000),371730.0,0.0,43230.0,0.4,33820.0,34540.0,36230.0,44040.0,59800.0,12.825925753399583,43230.0,33820.0,34540.0,36230.0,44040.0,59800.0,25980.0,1.7681845062093435,2025,0.06391138309878151,-1.2447584056032406,-0.3700405127564216,-0.9306265954749205,-1.1912838222826465,-1.2764350743941357,-1.326065623718058,-1.3731808818364284,-1.5685666771652573
National,Support Activities for Crop Production (115100),All Occupations (00-0000),338820.0,0.0,42750.0,0.5,34320.0,34540.0,36110.0,43040.0,58450.0,12.733227223310214,42750.0,34320.0,34540.0,36110.0,43040.0,58450.0,24130.0,1.703088578088578,2025,0.012398456674427955,-1.265489932687362,-0.30402915140554204,-0.9306265954749205,-1.1973148355652898,-1.3084914676049157,-1.3559881021047124,-1.4174751084420234,-1.6383861194400073
National,Support Activities for Animal Production (115200),All Occupations (00-0000),32910.0,0.1,48210.0,1.2,28650.0,34110.0,40190.0,52370.0,75140.0,10.401562227376685,48210.0,28650.0,34110.0,40190.0,52370.0,75140.0,46490.0,2.6226876090750437,2025,-1.2833166670278422,-1.0296688121054791,-1.052597989124516,-0.9684563005128431,-0.9922603839554233,-1.0094053189483385,-0.9860576100504439,-0.8821135371441282,-0.6520588127494678
National,"Sector 21 - Mining, Quarrying, and Oil and Gas Extraction (21--22)",All Occupations (00-0000),570220.0,0.0,82470.0,0.6,41010.0,49850.0,64060.0,94380.0,138930.0,13.253779283965274,82470.0,41010.0,49850.0,64060.0,94380.0,138930.0,97920.0,3.387710314557425,2025,0.30167122048975387,0.4500439335236989,0.5792028634692262,0.41628685599158205,0.2074086748503398,0.3372837598365291,0.42783490571599025,0.34926596249141534,0.1684757454982917
National,Oil and Gas Extraction (211000),All Occupations (00-0000),113950.0,0.0,122890.0,1.5,48290.0,65320.0,99390.0,158970.0,224410.0,11.643523810414173,122890.0,48290.0,65320.0,99390.0,158970.0,224410.0,176120.0,4.647131911368813,2025,-0.5931538824917219,2.1958112767324374,1.5403282847380324,1.777276476774521,1.9830395021485219,2.407806197320809,2.3224819075613388,2.221594892522516,1.51928394528331
National,Oil and Gas Extraction (211100),All Occupations (00-0000),113950.0,0.0,122890.0,1.5,48290.0,65320.0,99390.0,158970.0,224410.0,11.643523810414173,122890.0,48290.0,65320.0,99390.0,158970.0,224410.0,176120.0,4.647131911368813,2025,-0.5931538824917219,2.1958112767324374,1.5403282847380324,1.777276476774521,1.9830395021485219,2.407806197320809,2.3224819075613388,2.221594892522516,1.51928394528331
National,Mining (except Oil and Gas) (212000),All Occupations (00-0000),187760.0,0.0,73820.0,0.4,45340.0,52420.0,64810.0,83780.0,109650.0,12.142925156458741,73820.0,45340.0,52420.0,64810.0,83780.0,109650.0,64310.0,2.4183943537715042,2025,-0.31563465138616364,0.0764445391952579,1.150861252767843,0.6423853256368408,0.2451025078668594,-0.0025140081977388694,-0.22115040329233693,-0.4554523922188825,-0.8711760687370379
National,Coal Mining (212100),All Occupations (00-0000),39760.0,0.0,84180.0,1.0,56980.0,64400.0,77370.0,90690.0,124610.0,10.590641811359664,84180.0,56980.0,64400.0,77370.0,90690.0,124610.0,67630.0,2.186907686907687,2025,-1.1782444216678303,0.5238999987608821,2.687605745016319,1.696338503205012,0.8763485647835072,0.21899566888875088,0.11043498682940402,-0.3759622125807335,-1.1194599543971127
National,Metal Ore Mining (212200),All Occupations (00-0000),45430.0,0.0,82200.0,0.7,50740.0,60930.0,79260.0,92960.0,116440.0,10.72394997039761,82200.0,50740.0,60930.0,79260.0,92960.0,116440.0,65700.0,2.294836420969649,2025,-1.1041645696823956,0.43838244953888056,1.863783955357342,1.3910615811547988,0.9713370239851365,0.2917636814772215,-0.0706514194068676,-0.42217186520170563,-1.003699656707737
National,Nonmetallic Mineral Mining and Quarrying (212300),All Occupations (00-0000),102570.0,0.0,66090.0,0.5,40310.0,48080.0,58530.0,73840.0,100290.0,11.538310520693338,66090.0,40310.0,48080.0,58530.0,73840.0,100290.0,59980.0,2.4879682460927808,2025,-0.6516213085342752,-0.25741942822195013,0.4867869575779949,0.26056923292850503,-0.07052052059146453,-0.321154556712892,-0.4286129201064743,-0.5591248253011672,-0.7965537306125513
National,Support Activities for Mining (213000),All Occupations (00-0000),268510.0,0.0,71380.0,0.9,37990.0,47240.0,59280.0,79450.0,124290.0,12.500647160434522,71380.0,37990.0,47240.0,59280.0,79450.0,124290.0,86300.0,3.2716504343248225,2025,-0.11684717057701402,-0.028940723482360153,0.1804942409099138,0.18666934401721422,-0.03282668757494496,-0.14131819080041624,0.10334225121182666,0.07105033375789374,0.04399428648473343
National,Support Activities for Mining (213100),All Occupations (00-0000),268510.0,0.0,71380.0,0.9,37990.0,47240.0,59280.0,79450.0,124290.0,12.500647160434522,71380.0,37990.0,47240.0,59280.0,79450.0,124290.0,86300.0,3.2716504343248225,2025,-0.11684717057701402,-0.028940723482360153,0.1804942409099138,0.18666934401721422,-0.03282668757494496,-0.14131819080041624,0.10334225121182666,0.07105033375789374,0.04399428648473343
National,Sector 22 - Utilities (22--23),All Occupations (00-0000),598000.0,0.0,103920.0,0.4,51650.0,73590.0,101010.0,126780.0,158270.0,13.301347705172173,103920.0,51650.0,73590.0,101010.0,126780.0,158270.0,106620.0,3.0642787996127785,2025,0.3281051734272091,1.3764840500953823,1.983924633015943,2.5048384783178244,2.0644581814642042,1.375910899865801,0.8565021146033212,0.5575685416636733,-0.17842472338540102
National,Utilities (221000),All Occupations (00-0000),598000.0,0.0,103920.0,0.4,51650.0,73590.0,101010.0,126780.0,158270.0,13.301347705172173,103920.0,51650.0,73590.0,101010.0,126780.0,158270.0,106620.0,3.0642787996127785,2025,0.3281051734272091,1.3764840500953823,1.983924633015943,2.5048384783178244,2.0644581814642042,1.375910899865801,0.8565021146033212,0.5575685416636733,-0.17842472338540102
National,"Electric Power Generation, Transmission and Distribution (221100)",All Occupations (00-0000),418900.0,0.0,107870.0,0.4,59110.0,78290.0,103890.0,128260.0,158570.0,12.945389894136861,107870.0,59110.0,78290.0,103890.0,128260.0,158570.0,99460.0,2.6826256132634074,2025,0.13029806135802877,1.5470872417251327,2.968814144371066,2.918325951988142,2.2092025002476396,1.4233543618177553,0.8631515542448,0.38613791328742425,-0.58777156553902
National,Hydroelectric Power Generation (221111),All Occupations (00-0000),8050.0,0.1,112860.0,1.8,58840.0,80530.0,109160.0,136790.0,164070.0,8.993551586299981,112860.0,58840.0,80530.0,109160.0,136790.0,164070.0,105230.0,2.7884092454112848,2025,-2.0657535458927607,1.7626087420371468,2.933168009241591,3.1153923224182507,2.474064500243717,1.6967953959057085,0.9850579476719106,0.5242880146464965,-0.4743120234205005
National,Fossil Fuel Electric Power Generation (221112),All Occupations (00-0000),73110.0,0.0,114250.0,0.5,71500.0,92580.0,108210.0,129670.0,161970.0,11.19973411321324,114250.0,64812.499999999985,82321.39999999998,108210.0,129670.0,161970.0,90470.0,2.2653146853146855,2025,-0.8397695084111203,1.8226437892182488,3.721673720577845,3.2729926331273993,2.4263189784227923,1.468553876244955,0.9385118701815592,0.1708919148094243,-1.0353635591654797
National,Nuclear Electric Power Generation (221113),All Occupations (00-0000),37710.0,0.0,121620.0,0.2,70290.0,99770.0,122810.0,141260.0,167900.0,10.537707108065746,121620.0,64812.499999999985,82321.39999999998,122810.0,141260.0,167900.0,97610.0,2.3886754872670366,2025,-1.2076604380107616,2.1409591113223656,3.721673720577845,3.2729926331273993,3.1600922611443734,1.8400874735578951,1.0699491270947894,0.34184368668182913,-0.9030514063239026
National,Solar Electric Power Generation (221114),All Occupations (00-0000),17590.0,0.1,99110.0,3.2,46530.0,55880.0,77630.0,124810.0,180850.0,9.775142686598905,99110.0,46530.0,55880.0,77630.0,124810.0,180850.0,134320.0,3.8867397378035675,2025,-1.631420392985025,1.1687368724399139,1.3079682927829364,0.9467824871047767,0.889415760229234,1.3127598052405642,1.3569832716186225,1.220784799487989,0.7037159212754506
National,Wind Electric Power Generation (221115),All Occupations (00-0000),13110.0,0.1,99590.0,1.5,57690.0,62840.0,80010.0,121150.0,167040.0,9.481206851499401,99590.0,57690.0,62840.0,80010.0,121150.0,167040.0,109350.0,2.8954758190327614,2025,-1.7947616566745799,1.1894683995240354,2.781341878134568,1.5590958523697576,1.0090308570016562,1.1954334060891094,1.0508874001225503,0.6229324544384164,-0.3594764465676475
National,Geothermal Electric Power Generation (221116),All Occupations (00-0000),1000.0,0.4,99940.0,2.0,60480.0,71420.0,85680.0,114020.0,159910.0,6.90875477931522,99940.0,60480.0,71420.0,85680.0,114020.0,159910.0,99430.0,2.6440145502645502,2025,-3.224283076235878,1.204585138022874,3.1496852744724757,2.3139304319636564,1.2939962346065441,0.9668713224962482,0.892852384643405,0.38541962853165784,-0.6291843383811894
National,Biomass Electric Power Generation (221117),All Occupations (00-0000),2370.0,0.2,96180.0,2.0,56490.0,63790.0,78350.0,115550.0,160060.0,7.771067086065406,96180.0,56490.0,63790.0,78350.0,115550.0,160060.0,103570.0,2.8334218445742607,2025,-2.745092841292428,1.0421881758639218,2.622914610892457,1.6426731076860983,0.9256018399250928,1.0159176041087414,0.8961771044641444,0.484542924827422,-0.4260332038441755
National,Other Electric Power Generation (221118),All Occupations (00-0000),6140.0,0.2,116260.0,3.2,47150.0,66830.0,97960.0,142740.0,211710.0,8.722742874329398,116260.0,47150.0,66830.0,97960.0,142740.0,211710.0,164560.0,4.490137857900318,2025,-2.216242979127199,1.909457058883008,1.389822380858027,1.9101203246983889,1.9111699271970246,1.8875309355098495,2.040988962738738,1.9448158333005272,1.3508980328298086
National,Natural Gas Distribution (221200),All Occupations (00-0000),115790.0,0.0,107660.0,0.8,57790.0,77820.0,101340.0,130750.0,166090.0,11.659542120893406,107660.0,57790.0,77820.0,101340.0,130750.0,166090.0,108300.0,2.874026648209033,2025,-0.5842524463161574,1.5380171986258295,2.794544150404744,2.8769772046211104,2.081043467991473,1.5031747809125975,1.0298308412578676,0.5977924879865921,-0.3824820198408373
National,"Water, Sewage and Other Systems (221300)",All Occupations (00-0000),63310.0,0.1,70940.0,1.2,36350.0,45720.0,59780.0,83530.0,115130.0,11.05581436870643,70940.0,36350.0,45720.0,59780.0,83530.0,115130.0,78780.0,3.1672627235213207,2025,-0.9197462588800187,-0.04794462330947161,-0.03602302432097109,0.05294573551106896,-0.0076974655639319095,-0.010528106500433869,-0.09968730584132487,-0.10899971168755225,-0.06796804294264963
National,Sector 23 - Construction (23--24),All Occupations (00-0000),8298380.0,0.0,72150.0,0.2,38370.0,47490.0,61370.0,83480.0,119250.0,15.93157099349914,72150.0,38370.0,47490.0,61370.0,83480.0,119250.0,80880.0,3.107896794370602,2025,1.7897302779524402,0.004316101215084889,0.23066287553658227,0.208663358574146,0.07221346043108959,-0.012130926160972867,-0.008368334765016536,-0.05871977878390376,-0.13164170400077177
National,Construction of Buildings (236000),All Occupations (00-0000),1861040.0,0.0,78830.0,0.3,38960.0,49080.0,65150.0,95440.0,130780.0,14.436646566547745,78830.0,38960.0,49080.0,65150.0,95440.0,130780.0,91820.0,3.356776180698152,2025,0.9589950770676512,0.2928298531357769,0.3085562819306201,0.3485452911562322,0.26219037883434826,0.37126353663995587,0.24719179545581724,0.20321472881891262,0.13529695788964027
National,Residential Building Construction (236100),All Occupations (00-0000),942780.0,0.0,70280.0,0.5,36890.0,46590.0,60280.0,80050.0,112030.0,13.756589297104515,70280.0,36890.0,46590.0,60280.0,80050.0,112030.0,75140.0,3.0368663594470044,2025,0.5810846608895018,-0.07645047305013879,0.03526924593797882,0.12948490616919156,0.017431756447081143,-0.12208435487394824,-0.1683981821366054,-0.1961515953872096,-0.20782627489586733
National,Nonresidential Building Construction (236200),All Occupations (00-0000),918260.0,0.0,87610.0,0.4,44790.0,56420.0,76440.0,104010.0,144150.0,13.73023694291863,87610.0,44790.0,56420.0,76440.0,104010.0,144150.0,99360.0,3.218352310783657,2025,0.5664405572453848,0.6720440360495009,1.0782487552818756,0.9942895585477494,0.8296082118430229,0.6459868264563404,0.5435351554777207,0.3837436307682029,-0.013171274670355695
National,Heavy and Civil Engineering Construction (237000),All Occupations (00-0000),1194340.0,0.0,75410.0,0.3,38940.0,47880.0,62900.0,92990.0,125150.0,13.993105126800165,75410.0,38940.0,47880.0,62900.0,92990.0,125150.0,86210.0,3.2139188495120696,2025,0.7125174087611349,0.14511772266141065,0.30591582747658497,0.24297402128295958,0.14910887978478954,0.29272537327354486,0.12240397818406579,0.06889547949059453,-0.017926438353630447
National,Utility System Construction (237100),All Occupations (00-0000),619680.0,0.0,74380.0,0.4,38740.0,47860.0,62480.0,90810.0,123510.0,13.3369601084834,74380.0,38740.0,47860.0,62480.0,90810.0,123510.0,84770.0,3.1881775942178625,2025,0.347895121658287,0.10063132079339975,0.2795112829362331,0.24121450011840503,0.12800033329553856,0.2228424360740445,0.08605370814398189,0.034417811213807,-0.0455355398746852
National,Power and Communication Line and Related Structures Construction (237130),All Occupations (00-0000),250860.0,0.0,77370.0,0.6,42020.0,49210.0,64690.0,95650.0,126210.0,12.432654279857893,77370.0,42020.0,49210.0,64690.0,95650.0,126210.0,84190.0,3.0035697287006187,2025,-0.1546310734193466,0.2297714582549071,0.7125458133980029,0.3599821787258367,0.23907149458421625,0.37799537921421966,0.14589866491729075,0.02053097260232313,-0.24353898774064137
National,Land Subdivision (237200),All Occupations (00-0000),33580.0,0.1,93480.0,1.8,36340.0,47730.0,68890.0,109750.0,186120.0,10.42171570981886,93480.0,36340.0,47730.0,68890.0,109750.0,186120.0,149780.0,5.121629058888278,2025,-1.2721173000342403,0.9255733360157378,-0.037343251547988676,0.22977761254880052,0.4501569594767259,0.8299905234862176,1.4737917613205995,1.5909408769596107,2.0282117255172425
National,"Highway, Street, and Bridge Construction (237300)",All Occupations (00-0000),395730.0,0.0,75590.0,0.4,39430.0,48110.0,63600.0,94550.0,124390.0,12.888489966483345,75590.0,39430.0,48110.0,63600.0,94550.0,124390.0,84960.0,3.154704539690591,2025,0.0986785547278714,0.15289204531795625,0.3706069616004469,0.26320851467533685,0.1842897906002078,0.34273334668236166,0.10555873109231959,0.03896694800032757,-0.08143747822620041
National,Other Heavy and Civil Engineering Construction (237900),All Occupations (00-0000),145350.0,0.0,75150.0,0.7,38810.0,47290.0,62160.0,91450.0,127200.0,11.886906785908316,75150.0,38810.0,47290.0,62160.0,91450.0,127200.0,88390.0,3.277505797474878,2025,-0.4579050355306853,0.1338881454908448,0.2887528735253563,0.19106814692860058,0.11191763120849021,0.24335852772894367,0.16784181573417067,0.1210908384096201,0.05027452860209825
National,Specialty Trade Contractors (238000),All Occupations (00-0000),5243000.0,0.0,69030.0,0.2,38100.0,47040.0,60220.0,80150.0,108690.0,15.472404602285149,69030.0,38100.0,47040.0,60220.0,80150.0,108690.0,70590.0,2.852755905511811,2025,1.5345697645727894,-0.1304388248317054,0.19501674040710731,0.1690741323716688,0.014416249805759576,-0.11887871555287025,-0.24242861014506897,-0.30509145001178134,-0.4052962178216169
National,"Foundation, Structure, and Building Exterior Contractors (238100)",All Occupations (00-0000),997870.0,0.0,65950.0,0.3,38020.0,46710.0,58740.0,76770.0,102100.0,13.813379288421965,65950.0,38020.0,46710.0,58740.0,76770.0,102100.0,64080.0,2.685428721725408,2025,0.6126430754787638,-0.2634661236214856,0.1844549225909666,0.14004203315651884,-0.05996624734683906,-0.22722932460530662,-0.38849463426955244,-0.46095924201309163,-0.5847650569124064
National,Poured Concrete Foundation and Structure Contractors (238110),All Occupations (00-0000),260670.0,0.0,64880.0,0.6,38660.0,46890.0,57860.0,75760.0,100640.0,12.471014354762081,64880.0,38660.0,46890.0,57860.0,75760.0,100640.0,61980.0,2.603207449560269,2025,-0.13331423361328812,-0.3096801527465066,0.26894946512009243,0.1558777236375097,-0.10419367808622203,-0.25960628174819445,-0.4208552405247491,-0.5112391749167401,-0.6729524986067691
National,Masonry Contractors (238140),All Occupations (00-0000),140860.0,0.0,64860.0,0.5,38530.0,46760.0,59060.0,76150.0,98360.0,11.85552886752168,64860.0,38530.0,46760.0,59060.0,76150.0,98360.0,59830.0,2.552815987542175,2025,-0.4753418643524779,-0.3105439663750117,0.25178651116886375,0.14444083606790517,-0.043883545259790706,-0.24710428839599022,-0.4713909817999877,-0.5627162490799993,-0.7270004840197035
National,Roofing Contractors (238160),All Occupations (00-0000),258130.0,0.0,65160.0,0.6,37330.0,46500.0,59000.0,76020.0,99450.0,12.461222486979342,65160.0,37330.0,46500.0,59000.0,76020.0,99450.0,62120.0,2.664077149745513,2025,-0.13875561185480914,-0.29758676194743566,0.09335924392675282,0.12156706092869612,-0.046899051901112265,-0.2512716195133916,-0.44723135110261486,-0.5078871793898302,-0.6076659493393458
National,Building Equipment Contractors (238200),All Occupations (00-0000),2581300.0,0.0,72980.0,0.2,38680.0,47980.0,62400.0,87220.0,119990.0,14.763804093365545,72980.0,38680.0,47980.0,62400.0,87220.0,119990.0,81310.0,3.1021199586349533,2025,1.1407977614456168,0.04016436679804513,0.2715899195741276,0.2517716271057323,0.12397965777377648,0.1077599844473443,0.008033616350631078,-0.04842436395125193,-0.13783772056923627
National,Electrical Contractors and Other Wiring Installation Contractors (238210),All Occupations (00-0000),1109770.0,0.0,74390.0,0.3,38830.0,48240.0,62900.0,91940.0,123230.0,13.919664245698137,74390.0,38830.0,48240.0,62900.0,91940.0,123230.0,84400.0,3.173577131084213,2025,0.671706031265707,0.10106322760765228,0.29139332797939144,0.27464540224494133,0.14910887978478954,0.25906616040222585,0.07984756447860171,0.02555896589268798,-0.06119544706662618
National,"Plumbing, Heating, and Air-Conditioning Contractors (238220)",All Occupations (00-0000),1310510.0,0.0,71020.0,0.3,38390.0,47580.0,61690.0,82690.0,112690.0,14.085927695453217,71020.0,38390.0,47580.0,61690.0,82690.0,112690.0,74300.0,2.935399843709299,2025,0.764099263888011,-0.04448936879545134,0.23330332999061745,0.21658120381464144,0.08829616251813795,-0.03745547679748906,-0.15376941492535212,-0.21626356854866902,-0.3166554404502153
National,Other Building Equipment Contractors (238290),All Occupations (00-0000),161020.0,0.0,79210.0,0.8,42710.0,50510.0,66790.0,97200.0,131920.0,11.989290070243332,79210.0,42710.0,50510.0,66790.0,97200.0,131920.0,89210.0,3.0887380004682745,2025,-0.4010102542655591,0.3092423120773732,0.8036414920622167,0.47435105442188197,0.34461422703047107,0.42768278869092863,0.2724596660934365,0.14072395506723523,-0.15219070519844688
National,Building Finishing Contractors (238300),All Occupations (00-0000),837550.0,0.0,64210.0,0.4,37460.0,45760.0,57020.0,74990.0,101780.0,13.638237436349689,64210.0,37460.0,45760.0,57020.0,74990.0,101780.0,64320.0,2.7170315002669514,2025,0.5153160808551576,-0.3386179093014263,0.1105221978779815,0.05646477784017804,-0.14641077106472394,-0.284289704520495,-0.3955873698871298,-0.45521296396696037,-0.5508691061855108
National,Drywall and Insulation Contractors (238310),All Occupations (00-0000),247650.0,0.0,68160.0,0.5,38610.0,47250.0,59990.0,79370.0,108310.0,12.419775775965025,68160.0,38610.0,47250.0,59990.0,79370.0,108310.0,69700.0,2.8052318052318053,2025,-0.16178770710975637,-0.16801471767167578,0.26234832898500443,0.18754910459949148,0.002856807680693572,-0.14388270225727864,-0.2508512336909421,-0.32640056443285137,-0.456268778962516
National,Painting and Wall Covering Contractors (238320),All Occupations (00-0000),205180.0,0.1,59480.0,1.0,37330.0,45090.0,50890.0,64000.0,89930.0,12.2316477953992,59480.0,37330.0,45090.0,50890.0,64000.0,89930.0,52600.0,2.4090543798553443,2025,-0.2663311428245052,-0.5429098324428744,0.09335924392675282,-0.002479181172399143,-0.45449503291974397,-0.6365894659069672,-0.6582402357255409,-0.7358228752197034,-0.8811937732004754
National,Other Specialty Trade Contractors (238900),All Occupations (00-0000),826290.0,0.0,65300.0,0.4,37460.0,46150.0,57890.0,76550.0,101500.0,13.624702290702087,65300.0,37460.0,46150.0,57890.0,76550.0,101500.0,64040.0,2.7095568606513614,2025,0.5077945488393248,-0.2915400665479002,0.1105221978779815,0.09077544054899163,-0.10268592476556124,-0.23428173111167822,-0.40179351355251,-0.4619169550207802,-0.5588861232898229
National,"Sectors 31, 32, and 33 - Manufacturing (31--34)",All Occupations (00-0000),12654310.0,0.0,69130.0,0.1,36300.0,43240.0,55080.0,78560.0,123800.0,16.35350850559574,69130.0,36300.0,43240.0,55080.0,78560.0,123800.0,87500.0,3.4104683195592287,2025,2.0242025613354953,-0.12611975668918007,-0.042624160456059046,-0.16523488889369436,-0.2439121524674546,-0.16984838075801043,0.09248149979741135,0.09978172398855002,0.19288512504602745
National,Food Manufacturing (311000),All Occupations (00-0000),1778490.0,0.0,52640.0,0.2,33030.0,37220.0,45060.0,57550.0,78800.0,14.391275809913648,52640.0,33030.0,37220.0,45060.0,57550.0,78800.0,45770.0,2.3857099606418406,2025,0.9337823747081174,-0.838334093391607,-0.4743384636908113,-0.6948507594246117,-0.7475017615681562,-0.8433532021164981,-0.904934446424403,-0.899352371282522,-0.9062321185588981
National,Animal Food Manufacturing (311100),All Occupations (00-0000),76620.0,0.0,60880.0,0.8,35730.0,41510.0,50080.0,65670.0,96660.0,11.246626469592076,60880.0,35730.0,41510.0,50080.0,65670.0,96660.0,60930.0,2.7052896725440805,2025,-0.8137112472749541,-0.4824428784475198,-0.11787711239606172,-0.31743346962766233,-0.4952043725775851,-0.5830552892449645,-0.5090711397683674,-0.5363791413685643,-0.5634629486356275
National,Grain and Oilseed Milling (311200),All Occupations (00-0000),66880.0,0.0,69250.0,0.7,39220.0,47860.0,60140.0,77300.0,104110.0,11.11067019979991,69250.0,39220.0,47860.0,60140.0,77300.0,104110.0,64890.0,2.6545130035696074,2025,-0.8892626644978754,-0.12093687491814968,0.3428821898330775,0.24121450011840503,0.010395574283997486,-0.21023943620359323,-0.34394338867164476,-0.44156555360739863,-0.6179240925306848
National,Sugar and Confectionery Product Manufacturing (311300),All Occupations (00-0000),83910.0,0.0,55310.0,0.6,30800.0,36230.0,46540.0,62040.0,87150.0,11.33751199232379,55310.0,30800.0,36230.0,46540.0,62040.0,87150.0,56350.0,2.8295454545454546,2025,-0.763205815948221,-0.7230149739861806,-0.7687491353157341,-0.7819470570700616,-0.6731192644155575,-0.6994199966000959,-0.7198583764032441,-0.6460372807489024,-0.43019087388074895
National,Fruit and Vegetable Preserving and Specialty Food Manufacturing (311400),All Occupations (00-0000),172340.0,0.0,55250.0,0.5,34560.0,38170.0,46090.0,59900.0,82010.0,12.057230351260387,55250.0,34560.0,38170.0,46090.0,59900.0,82010.0,47450.0,2.372974537037037,2025,-0.363255581198927,-0.7256064148716959,-0.2723436979571199,-0.611273504108271,-0.6957355642254692,-0.7680206780711651,-0.8337854422605803,-0.8591284249596032,-0.9198916545527694
National,Dairy Product Manufacturing (311500),All Occupations (00-0000),167480.0,0.0,59820.0,0.4,36930.0,45560.0,52010.0,63480.0,85390.0,12.028625190977447,59820.0,36930.0,45560.0,52010.0,63480.0,85390.0,48460.0,2.312212293528297,2025,-0.3791515777761252,-0.5282250007582883,0.04055015484604918,0.03886956619463262,-0.39820557561507475,-0.6532587903765728,-0.7588684222999195,-0.8349461715154675,-0.9850629498336717
National,Animal Slaughtering and Processing (311600),All Occupations (00-0000),557460.0,0.0,47380.0,0.2,33910.0,36880.0,42330.0,48920.0,64340.0,13.231147824712485,47380.0,33910.0,36880.0,42330.0,48920.0,64340.0,30430.0,1.8973754054851077,2025,0.2890948323394698,-1.0655170776884393,-0.35815846771326326,-0.724762619222039,-0.8847073137482874,-1.1199998755255294,-1.2254374371436794,-1.266635309731078,-1.4300013813809596
National,Seafood Product Preparation and Packaging (311700),All Occupations (00-0000),29030.0,0.0,49750.0,2.0,28000.0,34180.0,39120.0,51020.0,82260.0,10.276119503549053,49750.0,28000.0,34180.0,39120.0,51020.0,82260.0,54260.0,2.9378571428571427,2025,-1.353025666693463,-0.963155162710589,-1.1384127588806594,-0.9622979764369023,-1.046036919058991,-1.0526814497828914,-0.8282442425593479,-0.6960777854006288,-0.3140198338776143
National,Bakeries and Tortilla Manufacturing (311800),All Occupations (00-0000),350710.0,0.0,47050.0,0.6,29330.0,34910.0,39620.0,49580.0,69000.0,12.76771780147612,47050.0,29330.0,34910.0,39620.0,49580.0,69000.0,39670.0,2.3525400613706102,2025,0.031565002397222666,-1.0797700025587729,-0.9628225376873198,-0.8980754539306615,-1.020907697047978,-1.0988426560064146,-1.1221494747127092,-1.0454036049550246,-0.9418089039936259
National,Other Food Manufacturing (311900),All Occupations (00-0000),274060.0,0.0,57570.0,0.5,34320.0,38140.0,46940.0,61500.0,91370.0,12.521105988329555,57570.0,34320.0,38140.0,46940.0,61500.0,91370.0,57050.0,2.6622960372960374,2025,-0.10547812195165435,-0.6254040339651082,-0.30402915140554204,-0.6139127858551028,-0.653015886806747,-0.7167304489339171,-0.6263229254464429,-0.6292773031143529,-0.6095763035111199
National,Beverage and Tobacco Product Manufacturing (312000),All Occupations (00-0000),329940.0,0.0,58300.0,0.4,31200.0,38330.0,49630.0,67230.0,90030.0,12.706669129579417,58300.0,31200.0,38330.0,49630.0,67230.0,90030.0,58830.0,2.8855769230769233,2025,-0.002359977218824652,-0.5938748365246733,-0.7159400462350304,-0.5971973347918347,-0.5178206723874968,-0.5330473158361477,-0.656023755845048,-0.5866590742722129,-0.37009362977287363
National,Beverage Manufacturing (312100),All Occupations (00-0000),319220.0,0.0,57820.0,0.4,31200.0,38220.0,49370.0,66350.0,89200.0,12.673638931867442,57820.0,31200.0,38220.0,49370.0,66350.0,89200.0,58000.0,2.858974358974359,2025,-0.02071498395818134,-0.614606363608795,-0.7159400462350304,-0.6068747011968846,-0.5308878678332236,-0.5612569418616341,-0.6744205388531392,-0.6065316191817501,-0.39862653870188575
National,Tobacco Manufacturing (312200),All Occupations (00-0000),10710.0,0.0,72750.0,1.4,35340.0,47000.0,61580.0,81320.0,115990.0,9.27902652976463,72750.0,35340.0,47000.0,61580.0,81320.0,115990.0,80650.0,3.2821165817770233,2025,-1.9071140319272901,0.03023051007023687,-0.16936597424974778,0.1655550900425597,0.08276773367571508,-0.08137273549625765,-0.08062557886908575,-0.06422662857811288,0.05521988229346494
National,Textile Mills (313000),All Occupations (00-0000),79900.0,0.0,52500.0,0.9,32220.0,36710.0,42960.0,55420.0,80040.0,11.288543647320601,52500.0,32220.0,36710.0,42960.0,55420.0,80040.0,47820.0,2.484171322160149,2025,-0.7904177118740761,-0.8443807887911424,-0.5812768690792361,-0.7397185491207526,-0.853044494014411,-0.9116333196554595,-0.8774500959062908,-0.8502695796384842,-0.8006261683054924
National,"Fiber, Yarn, and Thread Mills (313100)",All Occupations (00-0000),18960.0,0.1,45180.0,0.7,32070.0,36470.0,39420.0,46070.0,60630.0,9.850139517034204,45180.0,32070.0,36470.0,39420.0,46070.0,60630.0,28560.0,1.890551917680075,2025,-1.589744368515718,-1.1605365768239966,-0.6010802774845,-0.7608328030954071,-1.0309593858523833,-1.2113605961762524,-1.3076688407099666,-1.3114083928405174,-1.4373199975627906
National,Fabric Mills (313200),All Occupations (00-0000),40940.0,0.0,53480.0,0.9,32210.0,37140.0,44700.0,58010.0,81660.0,10.619887284906223,53480.0,32210.0,37140.0,44700.0,58010.0,81660.0,49450.0,2.5352375038807824,2025,-1.1619926005699455,-0.8020539209943942,-0.5825970963062537,-0.7018888440828299,-0.7655948014160855,-0.8286072612395393,-0.8415431218423054,-0.811242774575176,-0.7458545039362384
National,Textile and Fabric Finishing and Fabric Coating Mills (313300),All Occupations (00-0000),19990.0,0.1,57450.0,2.7,32470.0,36600.0,45280.0,60890.0,92510.0,9.903037451255743,57450.0,32470.0,36600.0,45280.0,60890.0,92510.0,60040.0,2.849091469048352,2025,-1.5603487848864264,-0.6305869157361387,-0.5482711884037964,-0.7493959155258025,-0.7364449038833104,-0.7362848487924929,-0.6010550548088235,-0.5576882557896344,-0.4092265544419859
National,Textile Product Mills (314000),All Occupations (00-0000),94410.0,0.0,49220.0,0.5,30110.0,35820.0,41330.0,51200.0,75410.0,11.455412870768761,49220.0,30110.0,35820.0,41330.0,51200.0,75410.0,45300.0,2.504483560278977,2025,-0.6976878485020577,-0.9860462238659733,-0.8598448139799478,-0.8180172409434298,-0.9349657577703134,-1.0469112990049512,-0.980073114373113,-0.9106054991228624,-0.7788400262571378
National,Textile Furnishings Mills (314100),All Occupations (00-0000),38250.0,0.0,48340.0,0.7,31200.0,36460.0,40720.0,48640.0,72800.0,10.551924982703788,48340.0,31200.0,36460.0,40720.0,48640.0,72800.0,41600.0,2.3333333333333335,2025,-1.199759510893211,-1.0240540235201963,-0.7159400462350304,-0.7617125636776844,-0.9656234086237494,-1.1289756656245478,-1.0379232392539781,-0.9991939523340525,-0.9624093175401944
National,Other Textile Product Mills (314900),All Occupations (00-0000),56160.0,0.0,49820.0,0.8,29520.0,35470.0,41740.0,53370.0,76980.0,10.935977844808969,49820.0,29520.0,35470.0,41740.0,53370.0,76980.0,47460.0,2.6077235772357725,2025,-0.98633987188045,-0.9601318150108213,-0.9377382203739857,-0.8488088613231343,-0.9143597957212828,-0.9773489257375585,-0.9452743802493742,-0.858888996707681,-0.6681086700502384
National,Apparel Manufacturing (315000),All Occupations (00-0000),79960.0,0.1,54790.0,2.3,29480.0,35110.0,39470.0,57670.0,96340.0,11.28929429478926,54790.0,29480.0,35110.0,39470.0,57670.0,96340.0,66860.0,3.26797829036635,2025,-0.7900005742151904,-0.7454741283273124,-0.943019129282056,-0.880480242285116,-1.028446463651282,-0.8395064349312045,-0.5161638753859447,-0.39439818797873794,0.04005568309532477
National,Apparel Knitting Mills (315100),All Occupations (00-0000),5960.0,0.1,42110.0,2.7,27420.0,29820.0,36400.0,45140.0,60600.0,8.692993531219926,42110.0,27420.0,29820.0,36400.0,45140.0,60600.0,33180.0,2.210065645514223,2025,-2.2327748024613308,-1.2931319687995242,-1.2149859380476797,-1.3458735903097927,-1.182739886798902,-1.2411730418622777,-1.3083337846741145,-1.2007925404524906,-1.0946215996672977
National,Cut and Sew Apparel Manufacturing (315200),All Occupations (00-0000),62100.0,0.1,57100.0,2.8,30060.0,35820.0,40760.0,60510.0,99990.0,11.036517370851499,57100.0,30060.0,35820.0,40760.0,60510.0,99990.0,69930.0,3.3263473053892216,2025,-0.9304696741246151,-0.6457036542349773,-0.8664459501150358,-0.8180172409434298,-0.9636130708628684,-0.7484662782125894,-0.4352623597479531,-0.3208937146386423,0.10266009158402403
National,Apparel Accessories and Other Apparel Manufacturing (315900),All Occupations (00-0000),11910.0,0.1,49110.0,2.5,29570.0,34010.0,38030.0,50040.0,80460.0,9.385217621880901,49110.0,29570.0,34010.0,38030.0,50040.0,80460.0,50890.0,2.7210010145417654,2025,-1.8481032373674031,-0.9907971988227512,-0.9311370842388977,-0.9772539063356159,-1.1008186230429997,-1.0840967151294558,-0.8681408804082205,-0.7767651062983885,-0.54661155458789
National,Leather and Allied Product Manufacturing (316000),All Occupations (00-0000),23760.0,0.0,48610.0,1.9,27610.0,31580.0,38540.0,48930.0,75310.0,10.075800860133013,48610.0,27610.0,31580.0,38540.0,48930.0,75310.0,47700.0,2.7276349148859107,2025,-1.4643435002100085,-1.0123925395353779,-1.1899016207343456,-1.191035727828993,-1.0751868165917664,-1.1196793115934216,-0.9822895942536058,-0.8531427186615498,-0.5394962827804857
National,Leather and Hide Tanning and Finishing (316100),All Occupations (00-0000),3180.0,0.2,51140.0,0.8,31570.0,36820.0,45880.0,55690.0,77550.0,8.064950891749143,51140.0,31570.0,36820.0,45880.0,55690.0,77550.0,45980.0,2.456445993031359,2025,-2.581780490547487,-0.9031201155294869,-0.6670916388353796,-0.7300411827157026,-0.7062898374700948,-0.9029780934885488,-0.9326404449305645,-0.8943243779921571,-0.8303633127404684
National,Footwear Manufacturing (316200),All Occupations (00-0000),10390.0,0.1,45820.0,4.1,24480.0,29240.0,37020.0,46860.0,66930.0,9.248695325852646,45820.0,24480.0,29240.0,37020.0,46860.0,66930.0,42450.0,2.7340686274509802,2025,-1.9239691975267208,-1.1328945407118345,-1.6031327427908515,-1.3968997040818742,-1.1515796515052459,-1.1860360455397363,-1.1680306082389127,-0.978842550920671,-0.5325957248497983
National,Other Leather and Allied Product Manufacturing (316900),All Occupations (00-0000),10190.0,0.1,50680.0,1.8,29030.0,33770.0,38650.0,50180.0,80030.0,9.229260256828693,50680.0,29030.0,33770.0,38650.0,50180.0,80030.0,51000.0,2.7568033069238718,2025,-1.934769339446101,-0.9229878289851035,-1.0024293544978475,-0.9983681603102704,-1.0696583877493435,-1.0796088200799467,-0.87767174389434,-0.774131395527245,-0.5082113633863946
National,Wood Product Manufacturing (321000),All Occupations (00-0000),406580.0,0.0,52360.0,0.3,32190.0,37500.0,46210.0,57790.0,77390.0,12.915538450112589,52360.0,32190.0,37500.0,46210.0,57790.0,77390.0,45200.0,2.4041627834731285,2025,0.11370950015645893,-0.8504274841906779,-0.5852375507602889,-0.6702174631208482,-0.6897045509428261,-0.8356596677459109,-0.9361868127393531,-0.9129997816420837,-0.8864403153590862
National,Sawmills and Wood Preservation (321100),All Occupations (00-0000),84640.0,0.0,52520.0,0.6,30230.0,36820.0,46600.0,59320.0,79430.0,11.346174061767135,52520.0,30230.0,36820.0,46600.0,59320.0,79430.0,49200.0,2.627522328812438,2025,-0.7583922709493146,-0.8435169751626374,-0.8440020872557367,-0.7300411827157026,-0.6701037577742359,-0.7866133861334175,-0.8909706231772976,-0.8172284808732294,-0.6468732743392408
National,"Veneer, Plywood, and Engineered Wood Product Manufacturing (321200)",All Occupations (00-0000),81190.0,0.0,54340.0,0.6,35110.0,38850.0,47320.0,59660.0,80150.0,11.304559682568422,54340.0,35110.0,38850.0,47320.0,59660.0,80150.0,45040.0,2.2828254058672743,2025,-0.7815175400532773,-0.7649099349686764,-0.19973120047115236,-0.5514497845134165,-0.6339176780783772,-0.7757142124417523,-0.8750119680377485,-0.9168306336728379,-1.0165822194088268
National,Other Wood Product Manufacturing (321900),All Occupations (00-0000),240760.0,0.0,51630.0,0.3,32240.0,37380.0,45610.0,56670.0,75400.0,12.391560019166954,51630.0,32240.0,37380.0,45610.0,56670.0,75400.0,43160.0,2.338709677419355,2025,-0.17746731068648205,-0.8819566816311128,-0.578636414625201,-0.6807745901081754,-0.7198596173560418,-0.8715628281419845,-0.9802947623611623,-0.9618431450341993,-0.9566428532405108
National,Paper Manufacturing (322000),All Occupations (00-0000),353210.0,0.0,67120.0,0.4,38420.0,46820.0,58090.0,76390.0,102620.0,12.774820891054842,67120.0,38420.0,46820.0,58090.0,76390.0,102620.0,64200.0,2.6710046850598648,2025,0.03551221634442924,-0.2129330263539392,0.23726401167167022,0.14971939956156882,-0.09263423596115603,-0.23941075402540302,-0.37696893889098926,-0.458086102990026,-0.6002357357153945
National,"Pulp, Paper, and Paperboard Mills (322100)",All Occupations (00-0000),82240.0,0.0,80500.0,0.8,48370.0,58320.0,72950.0,91120.0,127660.0,11.31740924014814,80500.0,48370.0,58320.0,72950.0,91120.0,127660.0,79290.0,2.639239197849907,2025,-0.7743769919393935,0.36495829111594996,1.5508901025541733,1.1614440691804309,0.6542062422061519,0.2327799179693863,0.1780376231844381,-0.09678887083952332,-0.6343062016356348
National,Converted Paper Product Manufacturing (322200),All Occupations (00-0000),270970.0,0.0,63060.0,0.4,37570.0,45490.0,53580.0,66910.0,96590.0,12.509767083065634,63060.0,37570.0,45490.0,53580.0,66910.0,96590.0,59020.0,2.5709342560553634,2025,-0.11177919481688707,-0.3882871929404676,0.125044697375175,0.03271124211869171,-0.3192998185004937,-0.5433053616635973,-0.5106226756847124,-0.5821099374856923,-0.707567511188774
National,Printing and Related Support Activities (323000),All Occupations (00-0000),355560.0,0.0,55810.0,0.4,34210.0,38020.0,47020.0,60990.0,82850.0,12.7814521028165,55810.0,34210.0,38020.0,47020.0,60990.0,82850.0,48640.0,2.421806489330605,2025,0.03919720599047059,-0.701419633273554,-0.3185516509027355,-0.62446991284243,-0.6489952112849849,-0.7330792094714149,-0.8151670112644397,-0.830636462980869,-0.8675163405700119
National,Printing and Related Support Activities (323100),All Occupations (00-0000),355560.0,0.0,55810.0,0.4,34210.0,38020.0,47020.0,60990.0,82850.0,12.7814521028165,55810.0,34210.0,38020.0,47020.0,60990.0,82850.0,48640.0,2.421806489330605,2025,0.03919720599047059,-0.701419633273554,-0.3185516509027355,-0.62446991284243,-0.6489952112849849,-0.7330792094714149,-0.8151670112644397,-0.830636462980869,-0.8675163405700119
National,Petroleum and Coal Products Manufacturing (324000),All Occupations (00-0000),112470.0,0.0,98280.0,0.6,47630.0,61850.0,94580.0,117720.0,160490.0,11.630450689618431,98280.0,47630.0,61850.0,94580.0,117720.0,160490.0,112860.0,3.3695150115473442,2025,-0.600418665536701,1.1328886068569537,1.4531932877548714,1.4719995547243077,1.7412963864025763,1.085479977376134,0.905707967950264,0.7069717708630859,0.14896014836559357
National,Petroleum and Coal Products Manufacturing (324100),All Occupations (00-0000),112470.0,0.0,98280.0,0.6,47630.0,61850.0,94580.0,117720.0,160490.0,11.630450689618431,98280.0,47630.0,61850.0,94580.0,117720.0,160490.0,112860.0,3.3695150115473442,2025,-0.600418665536701,1.1328886068569537,1.4531932877548714,1.4719995547243077,1.7412963864025763,1.085479977376134,0.905707967950264,0.7069717708630859,0.14896014836559357
National,Chemical Manufacturing (325000),All Occupations (00-0000),889150.0,0.0,84520.0,0.4,38220.0,47960.0,67640.0,102000.0,153910.0,13.698022353840802,84520.0,38220.0,47960.0,67640.0,102000.0,153910.0,115690.0,4.026949241234956,2025,0.5485387873321285,0.5385848304454682,0.2108594671313184,0.25001210594117773,0.38733390444919324,0.5815534761026726,0.7598635918138298,0.7747299661570504,0.8540993571339583
National,"Chemical Manufacturing (3251, 3252, 3253, and 3259 only) (3250A1)",All Occupations (00-0000),364650.0,0.0,85160.0,0.7,40590.0,51550.0,74350.0,102950.0,141980.0,12.806696010764302,85160.0,40590.0,51550.0,74350.0,102950.0,141980.0,101390.0,3.4979058881497904,2025,0.053225341836040156,0.5662268665576303,0.5237533199344875,0.5658461549787182,0.7245680638369884,0.6120070496529136,0.49543754207102436,0.4323475659083964,0.286667369943551
National,Chemical Manufacturing (3255 and 3256 only) (3250A2),All Occupations (00-0000),175720.0,0.0,69570.0,0.6,36260.0,43950.0,57560.0,79300.0,121440.0,12.076652788945365,69570.0,36260.0,43950.0,57560.0,79300.0,121440.0,85180.0,3.3491450634307776,2025,-0.35246245856275005,-0.10711585686206862,-0.04790506936412941,-0.10277188755200808,-0.11927121129282986,-0.14612664978203324,0.04017257461777843,0.04423436954261456,0.12711210874588355
National,Pharmaceutical and Medicine Manufacturing (325400),All Occupations (00-0000),348780.0,0.0,91390.0,0.7,38330.0,48080.0,72900.0,110120.0,169680.0,12.762199497056217,91390.0,38330.0,48080.0,72900.0,110120.0,169680.0,131350.0,4.426819723454213,2025,0.028498459602039235,0.8353048118369584,0.2253819666285119,0.26056923292850503,0.6516933200050505,0.8418513889742062,1.1094024689675634,1.1496746086671148,1.2829853851338857
National,Plastics and Rubber Products Manufacturing (326000),All Occupations (00-0000),705590.0,0.0,59180.0,0.3,35540.0,39350.0,48140.0,64480.0,94760.0,13.46679102849133,59180.0,35540.0,39350.0,48140.0,64480.0,94760.0,59220.0,2.6662915025323577,2025,0.4200426586637497,-0.5558670368704504,-0.14296142970939596,-0.507461755399553,-0.5927057539803158,-0.6212023971657927,-0.5511842574977328,-0.5773213724472496,-0.6052909178889884
National,Plastics Product Manufacturing (326100),All Occupations (00-0000),575910.0,0.0,58470.0,0.4,35260.0,38850.0,47420.0,63180.0,94740.0,13.263708413850638,58470.0,35260.0,38850.0,47420.0,63180.0,94740.0,59480.0,2.68689733408962,2025,0.30718887580477905,-0.5865324206823802,-0.1799277920658885,-0.5514497845134165,-0.6288918336761745,-0.6628757083398067,-0.5516275534738314,-0.571096237897274,-0.5831898785695019
National,Rubber Product Manufacturing (326200),All Occupations (00-0000),129670.0,0.0,62360.0,0.5,37160.0,44290.0,52960.0,71900.0,94970.0,11.772755752397206,62360.0,37160.0,44290.0,52960.0,71900.0,94970.0,57810.0,2.5557050592034445,2025,-0.5213391998572686,-0.4185206699381449,0.07091538106745378,-0.07286002775458086,-0.3504600537941499,-0.38334395954180517,-0.5465296497486977,-0.6110807559682706,-0.7239017745012309
National,Nonmetallic Mineral Product Manufacturing (327000),All Occupations (00-0000),414630.0,0.0,62190.0,0.3,38060.0,45920.0,55740.0,69110.0,92630.0,12.935144247052097,62190.0,38060.0,45920.0,55740.0,69110.0,92630.0,54570.0,2.433788754598003,2025,0.12460451622911993,-0.42586308578043797,0.18973583149903694,0.07054094715661438,-0.21074157941291735,-0.4727812965998814,-0.598395278952232,-0.6886555095910426,-0.8546646138597669
National,Primary Metal Manufacturing (331000),All Occupations (00-0000),364190.0,0.0,65910.0,0.3,38340.0,46250.0,58080.0,74240.0,100520.0,12.805433734273436,65910.0,38340.0,46250.0,58080.0,74240.0,100520.0,62180.0,2.621804903495044,2025,0.05252388997980792,-0.2651937508784957,0.2267021938555295,0.09957304637176434,-0.09313682040137629,-0.30833199942858003,-0.4235150163813406,-0.5064506098782974,-0.6530055695293088
National,Iron and Steel Mills and Ferroalloy Manufacturing (331100),All Occupations (00-0000),84590.0,0.0,68290.0,0.7,38700.0,46730.0,60080.0,73340.0,105200.0,11.34558315695652,68290.0,38700.0,46730.0,60080.0,73340.0,105200.0,66500.0,2.7183462532299743,2025,-0.7587206390043814,-0.16239992908639284,0.27423037402816275,0.14180155432107336,0.007380067642675921,-0.337182753318282,-0.3197837579742719,-0.4030176050479348,-0.5494589516450142
National,Steel Product Manufacturing from Purchased Steel (331200),All Occupations (00-0000),58080.0,0.0,65720.0,0.8,38770.0,46050.0,56710.0,74000.0,99990.0,10.96959386698131,65720.0,38770.0,46050.0,56710.0,74000.0,99990.0,61220.0,2.5790559711116843,2025,-0.96765932025602,-0.2733999803492938,0.2834719646172859,0.08197783472621892,-0.16199088871155204,-0.3160255337991672,-0.4352623597479531,-0.5294357220628224,-0.6988564653228211
National,Alumina and Aluminum Production and Processing (331300),All Occupations (00-0000),58320.0,0.0,66670.0,0.7,37820.0,45990.0,58900.0,76740.0,100680.0,10.973717513311941,66670.0,37820.0,45990.0,58900.0,76740.0,100680.0,62860.0,2.6620835536753042,2025,-0.9653677942757796,-0.2323688329953032,0.15805037805061478,0.07669927123255528,-0.05192489630331488,-0.22819101640163003,-0.4199686485725519,-0.49016948874759214,-0.6098042054447798
National,Nonferrous Metal (except Aluminum) Production and Processing (331400),All Occupations (00-0000),61420.0,0.0,70430.0,0.6,41740.0,48680.0,60990.0,78760.0,106270.0,11.025507075203857,70430.0,41740.0,48680.0,60990.0,78760.0,106270.0,64530.0,2.5459990416866316,2025,-0.9365881373738227,-0.06997187083635079,0.6755794510415104,0.3133548678651413,0.053115251702719676,-0.16343710211585444,-0.2960674232529976,-0.4501849706765955,-0.734312083552753
National,Foundries (331500),All Occupations (00-0000),101780.0,0.0,60880.0,0.4,37310.0,44620.0,52140.0,67150.0,93010.0,11.530578725207546,60880.0,37310.0,44620.0,52140.0,67150.0,93010.0,55700.0,2.4928973465558832,2025,-0.6559178967499008,-0.4824428784475198,0.09071878947271764,-0.0438279285394309,-0.3916719778922113,-0.5356118272930102,-0.5899726554063589,-0.6616001171238413,-0.7912669629884448
National,Fabricated Metal Product Manufacturing (332000),All Occupations (00-0000),1436510.0,0.0,62740.0,0.2,37140.0,44260.0,52240.0,70320.0,98200.0,14.177727814873032,62740.0,37140.0,44260.0,52240.0,70320.0,98200.0,61060.0,2.6440495422724823,2025,0.8151129400796487,-0.40210821099654864,0.0682749266134186,-0.07549930950141268,-0.3866461334900087,-0.4339930608148376,-0.47493734960877637,-0.5332665740935766,-0.6291468072705897
National,"Fabricated Metal Product Manufacturing (3321, 3322, 3325, 3326, and 3329 only) (3320A1)",All Occupations (00-0000),461780.0,0.0,64940.0,0.5,37230.0,44420.0,53240.0,73320.0,103170.0,13.04284603170402,64940.0,37230.0,44420.0,53240.0,73320.0,103170.0,65940.0,2.7711522965350524,2025,0.1844548083879852,-0.3070887118609914,0.08015697165657691,-0.06142314018497633,-0.33638768946798264,-0.3378238811824976,-0.3647782995482782,-0.4164255871555744,-0.49282117722912516
National,Fabricated Metal Product Manufacturing (3323 and 3324 only) (3320A2),All Occupations (00-0000),515010.0,0.0,62430.0,0.3,37470.0,44800.0,52780.0,70570.0,96800.0,13.151943538641069,62430.0,37470.0,44800.0,52780.0,70570.0,96800.0,59330.0,2.583400053376034,2025,0.2450807087394856,-0.4154973222383772,0.11184242510499909,-0.027992238058440016,-0.3595065737181146,-0.42597896251214257,-0.5059680679356773,-0.5746876616761061,-0.6941971661984604
National,"Machine Shops; Turned Product; and Screw, Nut, and Bolt Manufacturing (332700)",All Occupations (00-0000),331130.0,0.0,63070.0,0.4,37670.0,45440.0,56100.0,71270.0,95780.0,12.710269346455505,63070.0,37670.0,45440.0,56100.0,71270.0,95780.0,58110.0,2.5426068489514204,2025,-0.000359322981148942,-0.38785528612621506,0.1382469696453509,0.028312439207305355,-0.19264853956498795,-0.4035394872645966,-0.528576162716705,-0.6038979084106066,-0.7379504217975279
National,Machine Shops (332710),All Occupations (00-0000),256920.0,0.0,62890.0,0.4,37710.0,45710.0,56600.0,71140.0,94720.0,12.456523923626337,62890.0,37710.0,45710.0,56600.0,71140.0,94720.0,57010.0,2.5118005833996286,2025,-0.14136662141526438,-0.39562960878276066,0.14352787855342128,0.05206597492879168,-0.16751931755397492,-0.407706818381998,-0.55207084944993,-0.6302350161220415,-0.7709920626725709
National,"Turned Product and Screw, Nut, and Bolt Manufacturing (332720)",All Occupations (00-0000),74210.0,0.0,63720.0,0.8,37590.0,44540.0,52800.0,71780.0,98900.0,11.214667666146262,63720.0,37590.0,44540.0,52800.0,71780.0,98900.0,61310.0,2.6310188880021284,2025,-0.8314708761377576,-0.35978134319980043,0.12768515182921017,-0.05086601319764907,-0.3585014048376741,-0.3871907267270988,-0.4594219904453259,-0.5272808677955232,-0.6431229965637719
National,"Coating, Engraving, Heat Treating, and Allied Activities (332800)",All Occupations (00-0000),128580.0,0.1,55220.0,0.5,34770.0,38290.0,46870.0,59460.0,82280.0,11.764314334924729,55220.0,34770.0,38290.0,46870.0,59460.0,82280.0,47510.0,2.366407822835778,2025,-0.526030127715108,-0.7269021353144535,-0.24461892618975045,-0.6007163771209437,-0.6565339778882889,-0.7821254910839083,-0.8278009465832493,-0.8576918554480704,-0.926934865032218
National,Machinery Manufacturing (333000),All Occupations (00-0000),1092170.0,0.0,73820.0,0.3,39260.0,47360.0,60340.0,82860.0,127680.0,13.903678016434114,73820.0,39260.0,47360.0,60340.0,82860.0,127680.0,88420.0,3.252165053489557,2025,0.6628224227436892,0.0764445391952579,0.34816309874114787,0.19722647100454146,0.02044726308840271,-0.032005889951656465,0.17848091916053668,0.1218091231653865,0.023095000435605615
National,"Machinery Manufacturing (3331, 3332, 3334, and 3339 only) (3330A1)",All Occupations (00-0000),761900.0,0.0,73390.0,0.3,39430.0,47300.0,59940.0,82160.0,127040.0,13.543571904968443,73390.0,39430.0,47300.0,59940.0,82160.0,127040.0,87610.0,3.2219122495561754,2025,0.4627100843170988,0.05787254618239898,0.3706069616004469,0.19194790751087784,0.0003438854795922669,-0.05444536519920246,0.16429544792538198,0.10241543475969352,-0.00935301833996918
National,Commercial and Service Industry Machinery Manufacturing (333300),All Occupations (00-0000),86220.0,0.0,81050.0,0.9,40070.0,47970.0,62290.0,99200.0,141240.0,11.364669046470935,81050.0,40070.0,47970.0,62290.0,99200.0,141240.0,101170.0,3.524831544796606,2025,-0.7481145374690978,0.3887131658998393,0.45510150412957273,0.250891866523455,0.11845122893135361,0.4917955751124886,0.47903559095537673,0.4270801443661094,0.31554681577424
National,Metalworking Machinery Manufacturing (333500),All Occupations (00-0000),151670.0,0.0,67280.0,0.4,37730.0,46460.0,59850.0,76920.0,104560.0,11.929468980285394,67280.0,37730.0,46460.0,59850.0,76920.0,104560.0,66830.0,2.771269546779751,2025,-0.43425306192018975,-0.20602251732589869,0.14616833300745646,0.11804801859958704,-0.004179374482390082,-0.22242086562368962,-0.33396922920942657,-0.39511647273450434,-0.4926954190299909
National,"Engine, Turbine, and Power Transmission Equipment Manufacturing (333600)",All Occupations (00-0000),92380.0,0.0,81340.0,0.5,41210.0,48940.0,63650.0,98450.0,137160.0,11.433676608779873,81340.0,41210.0,48940.0,63650.0,98450.0,137160.0,95950.0,3.328318369327833,2025,-0.7097667721213923,0.4012384635131627,0.6056074080095781,0.33622864300435035,0.1868027128013091,0.46775328020440365,0.38860321183126556,0.30209859686275464,0.10477418057322188
National,Computer and Electronic Product Manufacturing (334000),All Occupations (00-0000),1002320.0,0.0,103720.0,0.5,40040.0,50610.0,82430.0,135890.0,199430.0,13.817828868604307,103720.0,40040.0,50610.0,82430.0,135890.0,199430.0,159390.0,4.980769230769231,2025,0.615115724142462,1.3678459138103316,0.45114082244851994,0.4831486602446547,1.1306562915349594,1.6679446420160067,1.7688052334142073,1.8210314270567831,1.8771307758771414
National,Computer and Peripheral Equipment Manufacturing (334100),All Occupations (00-0000),103330.0,0.0,122050.0,1.6,39960.0,57930.0,107490.0,170610.0,217650.0,11.545692706893112,122050.0,39960.0,57930.0,107490.0,170610.0,217650.0,177690.0,5.446696696696697,2025,-0.6475189995311746,2.1595311043352248,0.4405790046323792,1.1271334064716174,2.3901328987269332,2.780942614294288,2.1726478676400176,2.259185128074291,2.3768670382005292
National,Communications Equipment Manufacturing (334200),All Occupations (00-0000),77980.0,0.0,103880.0,1.3,40850.0,54060.0,87110.0,136510.0,182040.0,11.264220486255338,103880.0,40850.0,54060.0,87110.0,136510.0,182040.0,141190.0,4.4563035495716035,2025,-0.8039341851682552,1.3747564228383722,0.5580792278369449,0.7866660611303133,1.3658658095580414,1.68781960580669,1.3833593821964885,1.3852720085584962,1.3146086272485524
National,Audio and Video Equipment Manufacturing (334300),All Occupations (00-0000),18790.0,0.1,96050.0,5.1,38650.0,47150.0,71830.0,130290.0,188510.0,9.841133310789152,96050.0,38650.0,47150.0,71830.0,130290.0,188510.0,149860.0,4.877360931435963,2025,-1.594749151646763,1.0365733872786387,0.2676292378930748,0.17875149877671878,0.5979167849014826,1.4884288400356387,1.5267656304643804,1.5928563029749878,1.7662189263274304
National,Semiconductor and Other Electronic Component Manufacturing (334400),All Occupations (00-0000),380570.0,0.0,100320.0,0.8,38340.0,47850.0,78230.0,132400.0,205220.0,12.849428035460344,100320.0,38340.0,47850.0,78230.0,132400.0,205220.0,166880.0,5.352634324465311,2025,0.07697169080196961,1.2209975969644704,0.2267021938555295,0.24033473953612777,0.9195708266424497,1.5560678297103845,1.8971394184947474,2.0003631877464625,2.2759792782771813
National,"Navigational, Measuring, Electromedical, and Control Instruments Manufacturing (334500)",All Occupations (00-0000),412110.0,0.0,102650.0,0.7,44310.0,54990.0,84370.0,132880.0,180210.0,12.92904800952102,102650.0,44310.0,54990.0,84370.0,132880.0,180210.0,135900.0,4.0670277589708865,2025,0.12121681380168128,1.3216318846853106,1.0148778483850314,0.8684837952820995,1.22815767293769,1.5714548984515588,1.342797800383468,1.2586144632916865,0.8970860666917368
National,Manufacturing and Reproducing Magnetic and Optical Media (334600),All Occupations (00-0000),9530.0,0.2,100790.0,5.1,37690.0,47740.0,76850.0,139560.0,197540.0,9.162304922937626,100790.0,37690.0,47740.0,76850.0,139560.0,197540.0,159850.0,5.241178031308039,2025,-1.9719766736414053,1.2412972172343395,0.1408874240993861,0.2306573731310778,0.8502141738920537,1.7855916050995693,1.726913763672891,1.8320451266452014,2.156435453480414
National,"Electrical Equipment, Appliance, and Component Manufacturing (335000)",All Occupations (00-0000),425210.0,0.0,70510.0,0.5,37350.0,45250.0,55750.0,79810.0,125350.0,12.960340795294043,70510.0,37350.0,45250.0,55750.0,79810.0,125350.0,88000.0,3.356091030789826,2025,0.13860633410566758,-0.06651661632233052,0.095999698380788,0.0115969881440372,-0.2102389949726971,-0.12977788924453545,0.12683693794505163,0.1117531365846568,0.13456209188718968
National,Electric Lighting Equipment Manufacturing (335100),All Occupations (00-0000),35100.0,0.0,71720.0,1.3,35560.0,40930.0,54740.0,82620.0,131530.0,10.465984899076615,71720.0,35560.0,40930.0,54740.0,82620.0,131530.0,95970.0,3.6988188976377954,2025,-1.2475167428635714,-0.01425589179777403,-0.14032097525536077,-0.36845958339974405,-0.26100002343494344,-0.03969942432224366,0.26381539455951414,0.3025774533665989,0.5021591015027063
National,Household Appliance Manufacturing (335200),All Occupations (00-0000),54650.0,0.0,58120.0,0.9,34740.0,40190.0,48440.0,60620.0,95620.0,10.908722791698938,58120.0,34740.0,40190.0,48440.0,60620.0,95620.0,60880.0,2.7524467472654,2025,-1.0014856087567015,-0.6016491591812189,-0.24857960787080322,-0.4335618664882621,-0.5776282207737079,-0.7449400749594035,-0.5321225305254937,-0.537576282628175,-0.5128840452940381
National,Electrical Equipment Manufacturing (335300),All Occupations (00-0000),159480.0,0.0,71800.0,0.7,38100.0,45630.0,58190.0,82190.0,126670.0,11.979680071854364,71800.0,38100.0,45630.0,58190.0,82190.0,126670.0,88570.0,3.3246719160104985,2025,-0.40635056699189653,-0.010800637283753765,0.19501674040710731,0.045027890270573516,-0.0876083915589534,-0.05348367340287906,0.1560944723675582,0.12540054694421854,0.10086313199849546
National,Other Electrical Equipment and Component Manufacturing (335900),All Occupations (00-0000),175990.0,0.0,72940.0,0.9,38230.0,46630.0,57240.0,81010.0,129040.0,12.078188136349144,72940.0,38230.0,46630.0,57240.0,81010.0,129040.0,90810.0,3.37535966518441,2025,-0.351609260159599,0.038436739541035,0.212179694358336,0.13300394849830066,-0.1353539133798782,-0.09131021739159945,0.20862504553524042,0.17903247537477693,0.1552289038624349
National,Transportation Equipment Manufacturing (336000),All Occupations (00-0000),1753760.0,0.0,78850.0,0.2,39430.0,48110.0,65260.0,94990.0,134570.0,14.377273182652836,78850.0,39430.0,48110.0,65260.0,94990.0,134570.0,95140.0,3.412883591174233,2025,0.9260010613783544,0.293693666764282,0.3706069616004469,0.26320851467533685,0.26771880767677114,0.35683815969510485,0.33119638292649894,0.28270490845706164,0.19547565446883236
National,Motor Vehicle Manufacturing (336100),All Occupations (00-0000),284300.0,0.0,77300.0,0.2,48640.0,60730.0,75690.0,80080.0,103840.0,12.557788815044091,77300.0,48640.0,60730.0,75690.0,80080.0,103840.0,55200.0,2.1348684210526314,2025,-0.08509333535620951,0.22674811055513938,1.586536237683648,1.3734663695092533,0.7919143788265034,-0.12112266307762484,-0.3499278843489756,-0.673571529719948,-1.1752753121818091
National,Motor Vehicle Body and Trailer Manufacturing (336200),All Occupations (00-0000),158670.0,0.0,57370.0,0.5,36170.0,43190.0,49340.0,61670.0,88540.0,11.97458815509688,57370.0,36170.0,43190.0,49340.0,61670.0,88540.0,52370.0,2.4478849875587505,2025,-0.4091801645382044,-0.6340421702501589,-0.05978711440728773,-0.16963369180508073,-0.5323956211538844,-0.7112808620880845,-0.6890493060643925,-0.7413297250139125,-0.8395455249719262
National,Motor Vehicle Parts Manufacturing (336300),All Occupations (00-0000),538980.0,0.0,61510.0,0.4,37070.0,41160.0,49100.0,74580.0,98790.0,13.197435598806,61510.0,37070.0,41160.0,49100.0,74580.0,98790.0,61720.0,2.6649581872133803,2025,0.270360819933365,-0.4552327491496102,0.05903333602429545,-0.3482250900073668,-0.5444576477191707,-0.2974328257369148,-0.46186011831386814,-0.5174643094667156,-0.6067209817137899
National,Aerospace Product and Parts Manufacturing (336400),All Occupations (00-0000),563460.0,0.0,105300.0,0.3,49300.0,64130.0,96920.0,131710.0,174810.0,13.241853399774012,105300.0,49300.0,64130.0,96920.0,131710.0,174810.0,125510.0,3.545841784989858,2025,0.2950439611977502,1.4360871904622319,1.673671234666809,1.6725849674835256,1.8589011454141176,1.5339489183949462,1.2231078868368501,1.0098485095445875,0.3380816085746431
National,Railroad Rolling Stock Manufacturing (336500),All Occupations (00-0000),21420.0,0.0,74190.0,0.9,41510.0,48180.0,60820.0,85060.0,128350.0,9.972127028252816,74190.0,41510.0,48180.0,60820.0,85060.0,128350.0,86840.0,3.09202601782703,2025,-1.5219554436639846,0.09242509132260163,0.6452142248201058,0.2693668387512777,0.044571316218975233,0.03851817511205952,0.19333133435983926,0.08397945936168907,-0.14866410154127038
National,Ship and Boat Building (336600),All Occupations (00-0000),149030.0,0.0,71950.0,0.4,43660.0,50040.0,63440.0,81690.0,105310.0,11.911909616978704,71950.0,43660.0,50040.0,63440.0,81690.0,105310.0,61650.0,2.4120476408612004,2025,-0.4440108670245854,-0.004322035069965771,0.9290630786288878,0.4330023070548502,0.17624843955668362,-0.06951187000826906,-0.3173456301057297,-0.5191403072301706,-0.8779833141127131
National,Other Transportation Equipment Manufacturing (336900),All Occupations (00-0000),37900.0,0.0,63450.0,1.0,36540.0,43290.0,52400.0,71110.0,100320.0,10.542732775946709,63450.0,36540.0,43290.0,52400.0,71110.0,100320.0,63780.0,2.7454844006568146,2025,-1.2048676552175965,-0.3714428271846188,-0.010938707007636862,-0.160836085982308,-0.37860478244648454,-0.4086685101783214,-0.42794797614232644,-0.4681420895707557,-0.5203515962018785
National,Furniture and Related Product Manufacturing (337000),All Occupations (00-0000),339750.0,0.0,55570.0,0.4,34850.0,38640.0,47300.0,60590.0,81900.0,12.73596827534975,55570.0,34850.0,38640.0,47300.0,60590.0,81900.0,47050.0,2.350071736011478,2025,0.013921669738343837,-0.7117853968156148,-0.2340571083736097,-0.5699247567412392,-0.6349228469588176,-0.745901766755727,-0.8362235701291224,-0.8687055550364886,-0.9444563368654261
National,Furniture and Related Product Manufacturing (3371 and 3372 only) (3370A1),All Occupations (00-0000),312680.0,0.0,55760.0,0.4,35190.0,38870.0,47520.0,60800.0,81780.0,12.652938780487014,55760.0,35190.0,38870.0,47520.0,60800.0,81780.0,46590.0,2.3239556692242114,2025,-0.03221813696400512,-0.7035791673448167,-0.18916938265501163,-0.549690263348862,-0.623865989273972,-0.7391699241814631,-0.8388833459857139,-0.8797192546249069,-0.9724674470859346
National,Other Furniture Related Product Manufacturing (337900),All Occupations (00-0000),27070.0,0.0,53340.0,1.6,30910.0,36820.0,43860.0,57210.0,84510.0,10.206218323189427,53340.0,30910.0,36820.0,43860.0,57210.0,84510.0,53600.0,2.7340666450986735,2025,-1.3918700189973174,-0.8081006163939297,-0.7542266358185405,-0.7300411827157026,-0.8078118943945874,-0.8542523758081633,-0.7783734452482572,-0.7118800500274898,-0.5325978510462663
National,Miscellaneous Manufacturing (339000),All Occupations (00-0000),616780.0,0.0,69920.0,0.4,36610.0,42750.0,53300.0,79160.0,127650.0,13.332269296606345,69920.0,36610.0,42750.0,53300.0,79160.0,127650.0,91040.0,3.486752253482655,2025,0.34528841962255635,-0.09199911836322996,-0.0016971164185137252,-0.20834315742528065,-0.33337218282666103,-0.15061454483154244,0.1778159751963888,0.18453932516898602,0.27470440122527723
National,Medical Equipment and Supplies Manufacturing (339100),All Occupations (00-0000),330970.0,0.0,76220.0,0.6,37310.0,44960.0,58840.0,91270.0,137810.0,12.70978603722788,76220.0,37310.0,44960.0,58840.0,91270.0,137810.0,100500.0,3.6936478155990353,2025,-0.000627899760724649,0.1801021746158658,0.09071878947271764,-0.013916068742003672,-0.054940402944636445,0.2375883769510033,0.40301033105446954,0.4110384514873263,0.49661279354879856
National,Other Miscellaneous Manufacturing (339900),All Occupations (00-0000),285820.0,0.0,62610.0,0.6,35630.0,40360.0,49780.0,69090.0,101750.0,12.563121019735144,62610.0,35630.0,40360.0,49780.0,69090.0,101750.0,66120.0,2.855739545326972,2025,-0.0821302088895333,-0.4077229995818316,-0.13107938466623764,-0.41860593658954853,-0.510281905784193,-0.473422424464097,-0.3962523138512777,-0.41211587862097593,-0.4020960780608503
National,Jewelry and Silverware Manufacturing (339910),All Occupations (00-0000),20460.0,0.1,60340.0,1.7,34360.0,38170.0,48800.0,65470.0,98610.0,9.92627591416656,60340.0,34360.0,38170.0,48800.0,65470.0,98610.0,64250.0,2.869906868451688,2025,-1.5474350824902192,-0.5057658464171566,-0.29874824249747167,-0.611273504108271,-0.5595351809257785,-0.5894665678871206,-0.4658497820987554,-0.4568889617304153,-0.3869007405389888
National,Sector 42 - Wholesale Trade (42--43),All Occupations (00-0000),6024600.0,0.0,76610.0,0.3,36570.0,44650.0,58870.0,86910.0,138940.0,15.611361811081693,76610.0,36570.0,44650.0,58870.0,86910.0,138940.0,102370.0,3.799289034727919,2025,1.6117888150363617,0.1969465403717146,-0.0069780253265840884,-0.041188646792599086,-0.05343264962397566,0.0978225025520025,0.42805655370403956,0.4558115345967657,0.6099195888236085
National,"Merchant Wholesalers, Durable Goods (423000)",All Occupations (00-0000),3392640.0,0.0,77270.0,0.3,37320.0,45560.0,59990.0,89370.0,137340.0,15.037119232097186,77270.0,37320.0,45560.0,59990.0,89370.0,137340.0,100020.0,3.680064308681672,2025,1.2926800255826163,0.22545239011238177,0.09203901669973523,0.03886956619463262,0.002856807680693572,0.1766812298505213,0.3925928756161528,0.39954589539506385,0.48204363531595085
National,"Merchant Wholesalers, Durable Goods (4232, 4233, 4235, 4236, 4237, and 4239 only) (4230A1)",All Occupations (00-0000),1503920.0,0.0,71490.0,0.5,36950.0,44400.0,56560.0,79580.0,126060.0,14.223586255516608,71490.0,36950.0,44400.0,56560.0,79580.0,126060.0,89110.0,3.411637347767253,2025,0.8405966503017058,-0.02418974852558229,0.043190609300084365,-0.06318266134953088,-0.16952965531485595,-0.13715085968301485,0.14257394509655136,0.13832967254801387,0.19413898069943003
National,Motor Vehicle and Motor Vehicle Parts and Supplies Merchant Wholesalers (423100),All Occupations (00-0000),368470.0,0.0,63730.0,0.7,34700.0,39470.0,49750.0,74610.0,104510.0,12.817117290092742,63730.0,34700.0,39470.0,49750.0,74610.0,104510.0,69810.0,3.0118155619596543,2025,0.05901648647205587,-0.3593494363855479,-0.2538605167788736,-0.49690462841222566,-0.5117896591048537,-0.29647113394059144,-0.33507746914967307,-0.32376685366170793,-0.2346948173622979
National,Professional and Commercial Equipment and Supplies Merchant Wholesalers (423400),All Occupations (00-0000),745720.0,0.0,98560.0,0.7,39460.0,49270.0,76810.0,128370.0,183290.0,13.522106814594391,98560.0,39460.0,49270.0,76810.0,128370.0,183290.0,143830.0,4.644956918398378,2025,0.45078185179750385,1.1449819976560245,0.37456764328149966,0.36526074221950033,0.8482038361311726,1.426880565070941,1.4110653807026499,1.44848106706594,1.5169511296905198
National,"Machinery, Equipment, and Supplies Merchant Wholesalers (423800)",All Occupations (00-0000),774540.0,0.0,74450.0,0.4,38500.0,47730.0,61710.0,82780.0,123590.0,13.560025874816882,74450.0,38500.0,47730.0,61710.0,82780.0,123590.0,85090.0,3.21012987012987,2025,0.4718536180643329,0.10365466849316748,0.24782582948781096,0.22977761254880052,0.08930133139857847,-0.034570401408518865,0.08782689204837622,0.04207951527531534,-0.02199035502081296
National,Farm and Garden Machinery and Equipment Merchant Wholesalers (423820),All Occupations (00-0000),114800.0,0.0,66190.0,0.5,36430.0,44860.0,57170.0,76120.0,105600.0,11.650955473631058,66190.0,36430.0,44860.0,57170.0,76120.0,105600.0,69170.0,2.898709854515509,2025,-0.5890240789216666,-0.25310036007942477,-0.02546120650483036,-0.022713674564776385,-0.13887200446142003,-0.24806598019231363,-0.3109178384523002,-0.33909026178472457,-0.35600774183878486
National,"Merchant Wholesalers, Nondurable Goods (424000)",All Occupations (00-0000),2188230.0,0.0,72830.0,0.4,35590.0,42440.0,55310.0,79700.0,133790.0,14.598604012819642,72830.0,35590.0,42440.0,55310.0,79700.0,133790.0,98200.0,3.7592020230401797,2025,1.0489954471451188,0.033685764584257136,-0.13636029357430798,-0.23561573547587608,-0.23235271034238858,-0.13330409249772124,0.3139078398586541,0.35596995354523514,0.5669237689728347
National,"Merchant Wholesalers, Nondurable Goods (4244 and 4248 only) (4240A1)",All Occupations (00-0000),1038880.0,0.0,64340.0,0.7,35680.0,42190.0,51210.0,71230.0,101760.0,13.853654730316931,64340.0,35680.0,42190.0,51210.0,71230.0,101760.0,66080.0,2.8520179372197307,2025,0.6350242920206394,-0.3330031207161434,-0.12447824853114968,-0.25760975003280784,-0.4384123308326956,-0.4048217429930278,-0.3960306658632284,-0.41307359162866447,-0.4060877348343847
National,"Merchant Wholesalers, Nondurable Goods (4242 and 4246 only) (4240A2)",All Occupations (00-0000),401950.0,0.0,105890.0,1.1,39300.0,49780.0,79390.0,141630.0,207230.0,12.904085469624638,105890.0,39300.0,49780.0,79390.0,141630.0,207230.0,167930.0,5.273027989821883,2025,0.10734503525451738,1.4615696925031312,0.35344400764921824,0.41012853191564114,0.977870621708,1.8519483390458837,1.9416906640926552,2.025503154198287,2.190596520141681
National,"Merchant Wholesalers, Nondurable Goods (4241, 4247, and 4249 only) (4240A3)",All Occupations (00-0000),537960.0,0.0,65700.0,0.6,34430.0,39730.0,51000.0,73960.0,109210.0,13.195541345810023,65700.0,34430.0,39730.0,51000.0,73960.0,109210.0,74780.0,3.171943072901539,2025,0.2693081763249189,-0.2742637939777989,-0.28950665190834857,-0.47403085327301664,-0.4489666040773211,-0.3173077895275984,-0.23090291476650576,-0.2047710124564065,-0.06294807636698929
National,"Apparel, Piece Goods, and Notions Merchant Wholesalers (424300)",All Occupations (00-0000),136380.0,0.0,77390.0,1.8,34930.0,39250.0,54770.0,87910.0,138130.0,11.8232077185012,77390.0,34930.0,39250.0,54770.0,87910.0,138130.0,103200.0,3.954480389350129,2025,-0.4933028500319429,0.23063527188341218,-0.223495290557469,-0.5162593612223256,-0.25949227011428266,0.1298788957627825,0.4101030666720469,0.475684079506303,0.7763719943486349
National,Farm Product Raw Material Merchant Wholesalers (424500),All Occupations (00-0000),73060.0,0.0,55610.0,0.9,30570.0,37070.0,46110.0,61000.0,92370.0,11.199049987635837,55610.0,30570.0,37070.0,46110.0,61000.0,92370.0,61800.0,3.0215897939156036,2025,-0.8401496796015357,-0.7100577695586047,-0.7991143615371387,-0.7080471681587708,-0.6947303953450287,-0.7327586455393071,-0.6041581266415136,-0.5155488834513385,-0.22421134407096732
National,Wholesale Trade Agents and Brokers (425000),All Occupations (00-0000),443730.0,0.0,90230.0,1.3,36120.0,46400.0,69210.0,113380.0,168590.0,13.002973801953685,90230.0,36120.0,46400.0,69210.0,113380.0,168590.0,132470.0,4.66749723145072,2025,0.16229765837143387,0.7852036213836645,-0.06638825054237568,0.11276945510592341,0.4662396615637742,0.946355230841349,1.0852428382701906,1.176490572882394,1.5411270210472443
National,Wholesale Trade Agents and Brokers (425100),All Occupations (00-0000),443730.0,0.0,90230.0,1.3,36120.0,46400.0,69210.0,113380.0,168590.0,13.002973801953685,90230.0,36120.0,46400.0,69210.0,113380.0,168590.0,132470.0,4.66749723145072,2025,0.16229765837143387,0.7852036213836645,-0.06638825054237568,0.11276945510592341,0.4662396615637742,0.946355230841349,1.0852428382701906,1.176490572882394,1.5411270210472443
National,Sectors 44 and 45 - Retail Trade (44--46),All Occupations (00-0000),15503410.0,0.0,44750.0,0.1,28160.0,31710.0,36880.0,46700.0,65290.0,16.55657062219496,44750.0,28160.0,31710.0,36880.0,46700.0,65290.0,37130.0,2.3185369318181817,2025,2.1370449533547062,-1.1791085698368555,-1.117289123248378,-1.1795988402593882,-1.1586158336683297,-1.191165068453461,-1.2043808782789966,-1.106218380943247,-0.9782793808649636
National,Motor Vehicle and Parts Dealers (441000),All Occupations (00-0000),2043570.0,0.0,57800.0,0.3,29200.0,35370.0,44910.0,63210.0,96120.0,14.53020932569413,57800.0,29200.0,35370.0,44910.0,63210.0,96120.0,66920.0,3.291780821917808,2025,1.0109882588723758,-0.6154701772373,-0.9799854916385485,-0.8576064671459069,-0.7550405281714601,-0.6619140165434834,-0.521040131123029,-0.3929616184672051,0.06558538250397059
National,Automobile Dealers (441100),All Occupations (00-0000),1290550.0,0.0,64140.0,0.4,30340.0,36340.0,47370.0,74630.0,105560.0,14.070579816925989,64140.0,30340.0,36340.0,47370.0,74630.0,105560.0,75220.0,3.4792353328938694,2025,0.755570389303044,-0.341641257001194,-0.8294795877585432,-0.7722696906650116,-0.6314047558772758,-0.29583000607637583,-0.3118044304044974,-0.19423616937183252,0.26664203514058243
National,Other Motor Vehicle Dealers (441200),All Occupations (00-0000),166010.0,0.0,57850.0,0.5,31330.0,37440.0,47840.0,63970.0,91520.0,12.01980933020349,57850.0,31330.0,37440.0,47840.0,63970.0,91520.0,60190.0,2.921161825726141,2025,-0.3840505852035179,-0.6133106431660373,-0.6987770922838017,-0.6754960266145118,-0.6077832871869235,-0.6375511577032905,-0.6229982056257034,-0.5540968320108024,-0.33192660261626883
National,"Automotive Parts, Accessories, and Tire Retailers (441300)",All Occupations (00-0000),587020.0,0.0,43860.0,0.5,27980.0,31270.0,37380.0,47880.0,65100.0,13.282815873298087,43860.0,27980.0,31270.0,37380.0,47880.0,65100.0,37120.0,2.326661901358113,2025,0.31780696383404805,-1.217548276305331,-1.1410532133346947,-1.2183083058795883,-1.1334866116573166,-1.1533385244647407,-1.2085921900519332,-1.1064578091951693,-0.9695648443623895
National,Building Material and Garden Equipment and Supplies Dealers (444000),All Occupations (00-0000),1392800.0,0.0,45990.0,0.3,31370.0,35560.0,38650.0,48240.0,64390.0,14.146827385414031,45990.0,31370.0,35560.0,38650.0,48240.0,64390.0,33020.0,2.052598023589417,2025,0.7979414536745477,-1.1255521248695415,-0.6934961833757314,-0.8408910160826388,-1.0696583877493435,-1.14179822290886,-1.224329197203433,-1.2046233924832448,-1.2635154438217988
National,Building Material and Supplies Dealers (444100),All Occupations (00-0000),1200770.0,0.0,46450.0,0.3,32360.0,35900.0,38980.0,48370.0,64560.0,13.998474408443471,46450.0,32360.0,35900.0,38980.0,48370.0,64560.0,32200.0,1.9950556242274413,2025,0.7155011390314704,-1.1056844114139248,-0.5627936879009898,-0.8109791562852116,-1.0530731012220749,-1.1376308917914584,-1.2205611814065949,-1.22425650914086,-1.3252332554666482
National,Lawn and Garden Equipment and Supplies Retailers (444200),All Occupations (00-0000),192030.0,0.0,43080.0,0.5,28290.0,30650.0,36620.0,47280.0,63270.0,12.165412096310257,43080.0,28290.0,30650.0,36620.0,47280.0,63270.0,34980.0,2.236479321314952,2025,-0.30313857321789844,-1.2512370078170285,-1.1001261692971493,-1.272853461980779,-1.1716830291140565,-1.1725723603912086,-1.2491537718649535,-1.1576954551065064,-1.0662912852210296
National,Food and Beverage Retailers (445000),All Occupations (00-0000),3246380.0,0.0,39470.0,0.2,27620.0,30930.0,36100.0,43550.0,53600.0,14.993051395399794,39470.0,27620.0,30930.0,36100.0,43550.0,53600.0,25980.0,1.9406227371469948,2025,1.2681913607970507,-1.4071553677621929,-1.188581393507328,-1.2482201656770155,-1.19781742000551,-1.292142707067418,-1.463487376308619,-1.3731808818364284,-1.3836159212811767
National,Food and Beverage Retailers (4451 and 4452 only) (4450A1),All Occupations (00-0000),3075680.0,0.0,39460.0,0.2,27650.0,30960.0,36140.0,43640.0,53340.0,14.939036898117987,39460.0,27650.0,30960.0,36140.0,43640.0,53340.0,25690.0,1.929113924050633,2025,1.2381752988201922,-1.4075872745764455,-1.1846207118262753,-1.2455808839301836,-1.195807082244629,-1.2892576316784479,-1.4692502239979006,-1.3801243011421702,-1.3959598410136307
National,"Beer, Wine, and Liquor Retailers (445300)",All Occupations (00-0000),170700.0,0.0,39620.0,0.7,26930.0,30470.0,35370.0,41950.0,56930.0,12.047668766996187,39620.0,26930.0,30470.0,35370.0,41950.0,56930.0,30000.0,2.1139992573338287,2025,-0.36856899001163534,-1.400676765548405,-1.2796770721715418,-1.28868915246177,-1.2345060841415891,-1.343432936204666,-1.3896785962882048,-1.2769307245637298,-1.1976587916658732
National,"Furniture, Home Furnishings, Electronics, and Appliance Retailers (449000)",All Occupations (00-0000),764510.0,0.0,50460.0,0.4,29550.0,35650.0,42860.0,56730.0,78030.0,13.546991692736949,50460.0,29550.0,35650.0,42860.0,56730.0,78030.0,48480.0,2.6406091370558378,2025,0.46461047341211575,-0.9324897788986591,-0.9337775386929329,-0.8329731708421434,-0.8580703384166135,-0.8696394445493377,-0.9220013415041984,-0.8344673150116232,-0.6328368564082197
National,Furniture and Home Furnishings Retailers (449100),All Occupations (00-0000),395160.0,0.0,50300.0,0.4,28890.0,34620.0,41750.0,57440.0,79630.0,12.887048555775717,50300.0,28890.0,34620.0,41750.0,57440.0,79630.0,50740.0,2.7563170647282798,2025,0.09787755730474379,-0.9394002879266997,-1.020912535676094,-0.9235885108167023,-0.9138572112810626,-0.8468794053696839,-0.8865376634163117,-0.7803565300772205,-0.5087328884631045
National,Electronics and Appliance Retailers (449200),All Occupations (00-0000),369350.0,0.0,50630.0,0.8,31120.0,36420.0,43730.0,56080.0,76100.0,12.819502690412268,50630.0,31120.0,36420.0,43730.0,56080.0,76100.0,44980.0,2.4453727506426737,2025,0.06034206251985162,-0.9251473630563661,-0.7265018640511711,-0.7652316060067935,-0.8143454921174509,-0.8904761001363447,-0.9647794031977118,-0.9182672031843707,-0.8422400557268626
National,General Merchandise Retailers (455000),All Occupations (00-0000),3275200.0,0.0,40230.0,0.2,28740.0,31400.0,36060.0,42180.0,58150.0,15.00188979921398,40230.0,28740.0,31400.0,36060.0,42180.0,58150.0,29410.0,2.023312456506611,2025,1.2731028954778054,-1.3743304498790005,-1.0407159440813578,-1.2068714183099838,-1.199827757766391,-1.3360599657661867,-1.3626375417461911,-1.291056991427136,-1.2949260407584915
National,Health and Personal Care Retailers (456000),All Occupations (00-0000),1076240.0,0.0,56830.0,0.6,30410.0,35570.0,39450.0,56920.0,129340.0,13.888984972319776,56830.0,30410.0,35570.0,39450.0,56920.0,129340.0,98930.0,4.253206182176916,2025,0.6546574421373947,-0.6573651382197957,-0.82023799716942,-0.8400112555003615,-1.0294516325317224,-0.8635487298392895,0.21527448517671915,0.37344821593555105,1.0967740356184863
National,Health and Personal Care Retailers (456100),All Occupations (00-0000),1076240.0,0.0,56830.0,0.6,30410.0,35570.0,39450.0,56920.0,129340.0,13.888984972319776,56830.0,30410.0,35570.0,39450.0,56920.0,129340.0,98930.0,4.253206182176916,2025,0.6546574421373947,-0.6573651382197957,-0.82023799716942,-0.8400112555003615,-1.0294516325317224,-0.8635487298392895,0.21527448517671915,0.37344821593555105,1.0967740356184863
National,Pharmacies and Drug Retailers (456110),All Occupations (00-0000),683490.0,0.0,61720.0,0.7,32790.0,36340.0,42060.0,61020.0,134560.0,13.434968767539331,61720.0,32790.0,36340.0,42060.0,61020.0,134560.0,101770.0,4.103690149435804,2025,0.40235890698509236,-0.44616270605030706,-0.5060239171392334,-0.7722696906650116,-0.8982770936342345,-0.7321175176750915,0.33097473493844964,0.44144583948143756,0.9364087667225405
National,Gasoline Stations and Fuel Dealers (457000),All Occupations (00-0000),1042980.0,0.0,37050.0,0.4,25310.0,28700.0,34000.0,37840.0,52870.0,13.857593517134337,37987.2,25310.0,28700.0,34938.6,41130.9,53243.1,27560.0,2.0888976689055707,2025,0.6372130908649212,-1.4711985101795586,-1.4935538829483914,-1.444406775524847,-1.2561875768926911,-1.3696903278836159,-1.4713979930020982,-1.335351218032731,-1.2245818105837372
National,Gasoline Stations (457100),All Occupations (00-0000),973720.0,0.0,35180.0,0.4,24410.0,28590.0,33100.0,36870.0,46250.0,13.788880093952107,37987.2,24410.0,28643.0,34938.6,41130.9,53243.1,21840.0,1.8947152806226957,2025,0.599028779750827,-1.4711985101795586,-1.6123743333799747,-1.4494214108438275,-1.2561875768926911,-1.3696903278836159,-1.4713979930020982,-1.4723041781321926,-1.4328545311805942
National,Fuel Dealers (457200),All Occupations (00-0000),69260.0,0.0,63250.0,0.6,37800.0,47570.0,58240.0,69390.0,90450.0,11.145637256200434,63250.0,37800.0,47570.0,58240.0,69390.0,90450.0,52650.0,2.392857142857143,2025,-0.8698313380043503,-0.38008096346966946,0.1554099235965796,0.21570144323236418,-0.0850954693578521,-0.463805506500863,-0.6467145403469777,-0.7346257339600927,-0.8985663199365534
National,"Clothing, Clothing Accessories, Shoe, and Jewelry Retailers (458000)",All Occupations (00-0000),1157300.0,0.0,41850.0,0.7,26820.0,29460.0,35690.0,44470.0,62060.0,13.961601127915982,41850.0,26820.0,29460.0,35690.0,44470.0,62060.0,35240.0,2.313944817300522,2025,0.6950105165263898,-1.3043615459700901,-1.2941995716687351,-1.3775449712717744,-1.2184233820545407,-1.2626508253135005,-1.2759731784189179,-1.1514703205565309,-0.9832047100482262
National,Clothing and Clothing Accessories Retailers (458100),All Occupations (00-0000),855950.0,0.0,40670.0,0.9,26640.0,29070.0,35330.0,42570.0,59660.0,13.659968410494782,40670.0,26640.0,29070.0,35330.0,42570.0,59660.0,33020.0,2.2394894894894897,2025,0.5273920659995445,-1.355326550051889,-1.3179636617550519,-1.4118556339805879,-1.23651642190247,-1.3235579724139823,-1.329168695550748,-1.2046233924832448,-1.0630626921405297
National,Shoe Retailers (458200),All Occupations (00-0000),172150.0,0.0,38010.0,0.8,24760.0,29310.0,35180.0,39140.0,53170.0,12.056127277637396,38010.0,24760.0,29310.0,35180.0,41130.9,53243.1,28410.0,2.147415185783522,2025,-0.36386856341479373,-1.4702137626430627,-1.5661663804343589,-1.3907413800059334,-1.244055188505774,-1.3696903278836159,-1.4713979930020982,-1.3149998166193495,-1.161818124594928
National,"Jewelry, Luggage, and Leather Goods Retailers (458300)",All Occupations (00-0000),129210.0,0.0,54750.0,1.3,30780.0,36000.0,45350.0,60960.0,85460.0,11.769202006025377,54750.0,30780.0,36000.0,45350.0,60960.0,85460.0,54680.0,2.7764782326185835,2025,-0.5233140302586389,-0.7472017555843226,-0.7713895897697692,-0.8021815504624389,-0.7329268128017685,-0.7340409012677384,-0.7573168863835744,-0.6860217988198991,-0.4871087786555423
National,"Sporting Goods, Hobby, Musical Instrument, Book, and Miscellaneous Retailers (459000)",All Occupations (00-0000),1504440.0,0.0,43110.0,0.3,27370.0,30760.0,36400.0,45600.0,62980.0,14.223931958597007,43110.0,27370.0,30760.0,36400.0,45600.0,62980.0,35610.0,2.301059554256485,2025,0.8407887588208817,-1.249941287374271,-1.2215870741827677,-1.2631760955757292,-1.182739886798902,-1.226427100985319,-1.2555815635183831,-1.1426114752354117,-0.9970249581846242
National,Miscellaneous Store Retailers (4594 and 4595 only) (4590A1),All Occupations (00-0000),401170.0,0.0,39480.0,0.6,25960.0,29100.0,34950.0,41490.0,56630.0,12.902143049306817,39480.0,25960.0,29100.0,34950.0,41490.0,56630.0,30670.0,2.181432973805855,2025,0.10626562488176797,-1.4067234609479404,-1.407739113192248,-1.4092163522337562,-1.25561463063084,-1.3581788770816248,-1.3963280359296835,-1.2608890316849468,-1.1253319256005192
National,"Sporting Goods, Hobby, and Musical Instrument Retailers (459100)",All Occupations (00-0000),489720.0,0.0,41680.0,0.4,27780.0,30950.0,36480.0,44870.0,60740.0,13.10159112016894,41680.0,27780.0,30950.0,36480.0,44870.0,60740.0,32960.0,2.1864650827933767,2025,0.2170996779125417,-1.3117039618123831,-1.1674577578750465,-1.2464606445124609,-1.17871921127714,-1.2498282680291883,-1.3052307128414244,-1.2060599619947776,-1.1199346749103882
National,Sporting Goods Retailers (459110),All Occupations (00-0000),295900.0,0.0,42240.0,0.5,28390.0,31200.0,36600.0,45500.0,60870.0,12.597780217902699,42240.0,28390.0,31200.0,36600.0,45500.0,60870.0,32480.0,2.144064811553364,2025,-0.06286996038924873,-1.2875171802142413,-1.0869238970269735,-1.2244666299555291,-1.172688197994497,-1.2296327403063971,-1.3023492889967836,-1.2175525180870401,-1.1654116098852423
National,Book Retailers and News Dealers (459200),All Occupations (00-0000),66980.0,0.1,39540.0,0.6,27050.0,29690.0,35890.0,43360.0,56810.0,11.112164276066547,39540.0,27050.0,29690.0,35890.0,43360.0,56810.0,29760.0,2.100184842883549,2025,-0.8884324006229097,-1.4041320200624252,-1.2638343454473306,-1.3573104778793972,-1.2083716932501354,-1.2982334217774663,-1.3923383721447962,-1.282677002609861,-1.212475612627108
National,Florists (459300),All Occupations (00-0000),59310.0,0.1,40310.0,1.0,26780.0,30370.0,36200.0,45250.0,57080.0,10.990550065253778,40310.0,26780.0,30370.0,36200.0,45250.0,57080.0,30300.0,2.1314413741598206,2025,-0.9560138810165508,-1.3708751953649803,-1.2994804805768057,-1.2974867582845426,-1.1927915756033074,-1.237646838609092,-1.3863538764674654,-1.2697478770060657,-1.178951033684106
National,Other Miscellaneous Retailers (459900),All Occupations (00-0000),487270.0,0.0,48380.0,0.6,28450.0,32950.0,37950.0,49680.0,77070.0,13.096575715466212,48380.0,28450.0,32950.0,37950.0,49680.0,77070.0,48620.0,2.70896309314587,2025,0.21431259840663228,-1.022326396263186,-1.0790025336648679,-1.0705085280570066,-1.1048392985647617,-1.0956370166853366,-0.9432795483569305,-0.8311153194847133,-0.5595229759666503
National,Sectors 48 and 49 - Transportation and Warehousing (48--50),All Occupations (00-0000),7448640.0,0.0,64330.0,0.2,37420.0,44030.0,52170.0,72770.0,95560.0,15.823542157608518,64330.0,37420.0,44030.0,52170.0,72770.0,95560.0,58140.0,2.553714591127739,2025,1.7296982421739098,-0.33343502753039594,0.10524128896991114,-0.09573380289378991,-0.39016422457155053,-0.3554548974484266,-0.5334524184537894,-0.6031796236548402,-0.7260366756374991
National,Air Transportation (481000),All Occupations (00-0000),563220.0,0.0,110690.0,1.3,37470.0,46850.0,75130.0,125350.0,220030.0,13.241427370062647,110690.0,37470.0,46850.0,75130.0,125350.0,220030.0,182560.0,5.872164398185215,2025,0.29480721486363926,1.668884963344347,0.11184242510499909,0.15235868130840063,0.7637696501741688,1.3300702575743855,2.225400088795749,2.3757866867603714,2.8332076801027073
National,Scheduled Air Transportation (481100),All Occupations (00-0000),506330.0,0.0,110350.0,1.5,37220.0,46310.0,73260.0,121100.0,220310.0,13.134945884604251,110350.0,37220.0,46310.0,73260.0,121100.0,220310.0,183090.0,5.919129500268673,2025,0.23563504761690843,1.654200131659761,0.07883674442955932,0.10485160986542796,0.66978635985298,1.1938305864285705,2.231606232461129,2.3884763841122445,2.8835806808188256
National,Nonscheduled Air Transportation (481200),All Occupations (00-0000),56890.0,0.0,113680.0,1.7,42990.0,59390.0,84380.0,136780.0,217780.0,10.94889243537189,113680.0,42990.0,59390.0,84380.0,136780.0,217780.0,174790.0,5.065829262619213,2025,-0.9791631846899729,1.7980251008058545,0.8406078544187092,1.255578451484099,1.2286602573779102,1.6964748319736007,2.1755292914846582,2.189750935016872,1.968362964357818
National,Rail Transportation (482000),All Occupations (00-0000),190930.0,0.0,85890.0,0.2,54770.0,67420.0,79940.0,96730.0,124640.0,12.1596673852154,85890.0,54770.0,67420.0,79940.0,96730.0,124640.0,69870.0,2.275698375022823,2025,-0.3063309310651402,0.5977560639980652,2.3958355278454313,1.9620261990527479,1.0055127659201144,0.41261628388186206,0.11109993079355189,-0.3223302841501751,-1.0242264044293
National,Rail Transportation (482100),All Occupations (00-0000),190930.0,0.0,85890.0,0.2,54770.0,67420.0,79940.0,96730.0,124640.0,12.1596673852154,85890.0,54770.0,67420.0,79940.0,96730.0,124640.0,69870.0,2.275698375022823,2025,-0.3063309310651402,0.5977560639980652,2.3958355278454313,1.9620261990527479,1.0055127659201144,0.41261628388186206,0.11109993079355189,-0.3223302841501751,-1.0242264044293
National,Water Transportation (483000),All Occupations (00-0000),69600.0,0.0,86030.0,1.6,34480.0,46510.0,69070.0,108130.0,158420.0,11.150534214035387,86030.0,34480.0,46510.0,69070.0,108130.0,158420.0,123940.0,4.594547563805104,2025,-0.8671100798742385,0.6038027593976006,-0.28290551577326056,0.1224468215109734,0.45920347940069056,0.7780591664847539,0.8598268344240605,0.9722582739928123,1.4628839533749285
National,"Deep Sea, Coastal, and Great Lakes Water Transportation (483100)",All Occupations (00-0000),41170.0,0.1,85120.0,2.3,34220.0,43910.0,71080.0,105180.0,154970.0,10.625489404000177,85120.0,34220.0,43910.0,71080.0,105180.0,154970.0,120750.0,4.52863822326125,2025,-1.1588794816409926,0.5644992393006202,-0.31723142367571794,-0.10629092988111717,0.5602229518849631,0.683492806512953,0.7833582785470548,0.895880661629651,1.392192075552228
National,Inland Water Transportation (483200),All Occupations (00-0000),28430.0,0.0,87340.0,1.8,37250.0,49170.0,65610.0,115160.0,160380.0,10.255235378138305,87340.0,37250.0,49170.0,65610.0,115160.0,160380.0,123130.0,4.3055033557046976,2025,-1.36463105476902,0.6603825520646825,0.0827974261106121,0.3564631363967276,0.2853092630844803,1.0034156107565373,0.9032698400817217,0.9528645855871193,1.1528660154652375
National,Truck Transportation (484000),All Occupations (00-0000),1499660.0,0.0,61760.0,0.3,37960.0,47050.0,59120.0,73230.0,83220.0,14.22074964053059,61760.0,37960.0,47050.0,59120.0,73230.0,83220.0,45260.0,2.1923076923076925,2025,0.8390203325442604,-0.4444350787932969,0.17653355922886105,0.16995389295394606,-0.04086803861846914,-0.3407089565714678,-0.8069660357066158,-0.9115632121305509,-1.1136681118626675
National,Transit and Ground Passenger Transportation (485000),All Occupations (00-0000),532510.0,0.0,57090.0,1.9,33540.0,38040.0,47930.0,60960.0,78610.0,13.185358833629355,57090.0,33540.0,38040.0,47930.0,60960.0,78610.0,45070.0,2.3437686344663087,2025,0.2636497155028093,-0.6461355610492298,-0.4070068751129141,-0.6227103916778755,-0.6032600272249412,-0.7340409012677384,-0.9091457581973396,-0.9161123489170715,-0.9512168063324009
National,Urban Transit Systems (485100),All Occupations (00-0000),47340.0,0.0,59940.0,0.5,38940.0,46770.0,58290.0,67430.0,83890.0,10.765132006630253,59940.0,38940.0,46770.0,58290.0,67430.0,83890.0,44950.0,2.1543400102722137,2025,-1.0812795552122416,-0.5230421189872579,0.30591582747658497,0.14532059665018246,-0.0825825471567508,-0.5266360371939918,-0.7921156205073133,-0.9189854879401371,-1.1543908185005431
National,Interurban and Rural Bus Transportation (485200),All Occupations (00-0000),15360.0,0.0,51990.0,0.9,35460.0,40900.0,47010.0,59340.0,71590.0,9.639587108749145,51990.0,35460.0,40900.0,47010.0,59340.0,71590.0,36130.0,2.0188945290468134,2025,-1.7067491441686022,-0.8664080363180217,-0.15352324752553667,-0.37109886514657586,-0.6494977957252053,-0.7859722582692019,-1.0647426458079425,-1.1301612061354607,-1.2996645434599372
National,Taxi and Limousine Service (485300),All Occupations (00-0000),117670.0,0.0,78720.0,6.0,34320.0,38920.0,52950.0,88650.0,172870.0,11.675647873764687,78720.0,34320.0,38920.0,52950.0,88650.0,172870.0,138550.0,5.037004662004662,2025,-0.5753024180701076,0.2880788781789991,-0.30402915140554204,-0.5452914604374756,-0.3509626382343702,0.1536006267387597,1.1801081771552875,1.3220629500510523,1.9374467827040782
National,School and Employee Bus Transportation (485400),All Occupations (00-0000),216510.0,0.0,51020.0,0.5,33950.0,38800.0,48490.0,59580.0,69200.0,12.285396633448071,51020.0,33950.0,38800.0,48490.0,59580.0,69200.0,35250.0,2.0382916053019144,2025,-0.2364627086957576,-0.9083029973005173,-0.3528775588051929,-0.5558485874248029,-0.5751152985726066,-0.7782787238986147,-1.1177165149517234,-1.1512308923046086,-1.2788599695796867
National,Charter Bus Industry (485500),All Occupations (00-0000),24070.0,0.0,54300.0,1.2,36420.0,43420.0,48510.0,58880.0,74340.0,10.088763075406442,54300.0,36420.0,43420.0,48510.0,58880.0,74340.0,37920.0,2.041186161449753,2025,-1.4571403477864149,-0.7666375622256865,-0.02678143373184795,-0.14939919841270347,-0.5741101296921661,-0.8007181991461607,-1.0037894490943873,-1.0873035490413985,-1.2757553776073578
National,Other Transit and Ground Passenger Transportation (485900),All Occupations (00-0000),111560.0,0.1,46130.0,0.7,30400.0,35400.0,40770.0,49820.0,63140.0,11.622326805487553,46130.0,30400.0,35400.0,40770.0,49820.0,63140.0,32740.0,2.076973684210526,2025,-0.604933138906564,-1.119505429470006,-0.8215582243964377,-0.8549671853990751,-0.9631104864226481,-1.0911491216358276,-1.2520351957095943,-1.2113273835370646,-1.2373710277457717
National,Pipeline Transportation (486000),All Occupations (00-0000),56210.0,0.0,105150.0,1.7,63530.0,78990.0,97690.0,119960.0,157800.0,10.936867746266623,105150.0,63530.0,78990.0,97690.0,119960.0,157800.0,94270.0,2.4838658901306467,2025,-0.9858453502492129,1.4296085882484437,3.552354578712841,2.979909192747551,1.8976001473110775,1.1572862981682812,0.8460846591650044,0.26187465053983583,-0.8009537632037961
National,Pipeline Transportation of Crude Oil (486100),All Occupations (00-0000),12330.0,0.1,112050.0,1.9,61730.0,80530.0,101260.0,132070.0,170140.0,9.41987169587053,112050.0,61730.0,80530.0,101260.0,132070.0,170140.0,108410.0,2.756196338895189,2025,-1.8288458363923195,1.7276242900826915,3.3147136778496744,3.1153923224182507,2.0770227924697107,1.545489219950827,1.1195982764178307,0.6004261987577356,-0.5088623744475261
National,Pipeline Transportation of Natural Gas (486200),All Occupations (00-0000),36880.0,0.0,104370.0,2.5,66830.0,79540.0,96950.0,116770.0,149390.0,10.515451792270389,104370.0,64812.499999999985,79540.0,96950.0,116770.0,149390.0,82560.0,2.2353733353284455,2025,-1.220027801808351,1.3959198567367461,3.721673720577845,3.028296024772801,1.8604088987347782,1.0550264038258932,0.6596787012155497,-0.018495832460984976,-1.0674775241605576
National,Other Pipeline Transportation (486900),All Occupations (00-0000),7000.0,0.2,97130.0,2.3,48330.0,66660.0,94730.0,116490.0,149370.0,8.853808274977197,97130.0,48330.0,66660.0,94730.0,116490.0,149370.0,101040.0,3.090626939788951,2025,-2.1434094365258285,1.0832193232179124,1.5456091936461027,1.8951643947996752,1.7488351530058803,1.0460506137268748,0.6592354052394512,0.42396757709112165,-0.15016469998325424
National,Scenic and Sightseeing Transportation (487000),All Occupations (00-0000),30850.0,0.1,56040.0,1.1,31300.0,36780.0,46690.0,61930.0,90700.0,10.336924443719042,56040.0,31300.0,36780.0,46690.0,61930.0,90700.0,59400.0,2.8977635782747604,2025,-1.3192361297267587,-0.6914857765457457,-0.7027377739648545,-0.7335602250448117,-0.6655804978122536,-0.7029461998532818,-0.6411733406457454,-0.5730116639126511,-0.35702268211652943
National,"Scenic and Sightseeing Transportation, Land (487100)",All Occupations (00-0000),11110.0,0.1,50680.0,1.6,30580.0,36620.0,45530.0,57870.0,73730.0,9.315690887584008,50680.0,30580.0,36620.0,45530.0,57870.0,73730.0,43150.0,2.4110529758011774,2025,-1.8867395085672656,-0.9229878289851035,-0.797794134310121,-0.7476363943612481,-0.7238802928778039,-0.8330951562890485,-1.017309976365394,-0.9620825732861215,-0.8790501544166436
National,"Scenic and Sightseeing Transportation, Water (487200)",All Occupations (00-0000),17110.0,0.1,57460.0,1.7,31770.0,36470.0,47050.0,65110.0,97710.0,9.747476810531971,57460.0,31770.0,36470.0,47050.0,65110.0,97710.0,65940.0,3.075542965061379,2025,-1.6467944257439833,-0.6301550089218861,-0.6406870942950277,-0.7608328030954071,-0.6474874579643242,-0.6010068694430013,-0.48579810102319165,-0.4164255871555744,-0.16634320351133527
National,"Scenic and Sightseeing Transportation, Other (487900)",All Occupations (00-0000),2620.0,0.2,69440.0,2.9,34500.0,42680.0,53820.0,78580.0,125040.0,7.8713112033234065,69440.0,34500.0,42680.0,53820.0,78580.0,125040.0,90540.0,3.6243478260869564,2025,-2.6893868033238935,-0.11273064544735155,-0.2802650613192254,-0.21450148150122156,-0.30723779193520745,-0.16920725289379485,0.11996585031552358,0.17256791257287926,0.42228423326768466
National,Support Activities for Transportation (488000),All Occupations (00-0000),812950.0,0.0,66330.0,0.6,35320.0,41220.0,52090.0,76300.0,109480.0,13.608426116110897,66330.0,35320.0,41220.0,52090.0,76300.0,109480.0,74160.0,3.099660249150623,2025,0.4987498165940818,-0.24705366467988932,-0.17200642870378294,-0.34294652651370316,-0.39418490009331264,-0.24229582941437322,-0.2249184190891749,-0.21961556407557892,-0.1404759123780274
National,Support Activities for Air Transportation (488100),All Occupations (00-0000),272420.0,0.0,62610.0,0.8,34330.0,38930.0,47840.0,74610.0,102160.0,12.515103942797033,62610.0,34330.0,38930.0,47840.0,74610.0,102160.0,67830.0,2.9758228954267403,2025,-0.1088134815265512,-0.4077229995818316,-0.30270892417852446,-0.5444116998551983,-0.6077832871869235,-0.29647113394059144,-0.3871647463412567,-0.37117364754229076,-0.27329919671221725
National,Support Activities for Rail Transportation (488200),All Occupations (00-0000),42340.0,0.0,62250.0,1.8,38420.0,45410.0,54870.0,66630.0,92520.0,10.65351116273777,62250.0,38420.0,45410.0,54870.0,66630.0,92520.0,54100.0,2.408120770432067,2025,-1.1433076835257585,-0.4232716448949228,0.23726401167167022,0.025673157460473543,-0.25446642571208006,-0.5522811517626157,-0.6008334068207742,-0.699908637431383,-0.8821951275265825
National,Support Activities for Water Transportation (488300),All Occupations (00-0000),94920.0,0.0,86940.0,1.8,41550.0,51350.0,74270.0,102490.0,154540.0,11.460800245681732,86940.0,41550.0,51350.0,74270.0,102490.0,154540.0,112990.0,3.7193742478941036,2025,-0.69469406373282,0.6431062794945812,0.6504951337281761,0.5482509433331728,0.7205473883152264,0.5972611087759548,0.7738274150609352,0.7100843381380737,0.5242059964789185
National,Support Activities for Road Transportation (488400),All Occupations (00-0000),114040.0,0.0,53750.0,0.7,32240.0,37980.0,47300.0,60510.0,78280.0,11.644313311841197,53750.0,32240.0,37980.0,47300.0,60510.0,78280.0,46040.0,2.4280397022332507,2025,-0.5927151535401086,-0.7903924370095758,-0.578636414625201,-0.6279889551715391,-0.6349228469588176,-0.7484662782125894,-0.9164601418029662,-0.8928878084806243,-0.8608308310303812
National,Freight Transportation Arrangement (488500),All Occupations (00-0000),251630.0,0.0,70610.0,1.1,36980.0,45070.0,58150.0,78850.0,123980.0,12.435719007665256,70610.0,36980.0,45070.0,58150.0,78850.0,123980.0,87000.0,3.3526230394808003,2025,-0.15292799249779196,-0.06219754817980519,0.047151290981137135,-0.004238702336953686,-0.08961872931983446,-0.16055202672688423,0.09647116358229861,0.08781031139244325,0.13084245494521926
National,Other Support Activities for Transportation (488900),All Occupations (00-0000),37610.0,0.1,55400.0,2.0,33140.0,36450.0,44870.0,58660.0,84940.0,10.535051839784135,55400.0,33140.0,36450.0,44870.0,58660.0,84940.0,51800.0,2.5630657815328908,2025,-1.2091359807134958,-0.7191278126579079,-0.45981596419361775,-0.7625923242599617,-0.757050865932341,-0.8077706056525323,-0.7688425817621376,-0.7549771353734742,-0.7160069407901606
National,Postal Service (Federal Government) (491000),All Occupations (00-0000),618900.0,0.0,65730.0,0.0,42600.0,52670.0,63670.0,78350.0,85090.0,13.335700603496061,65730.0,42600.0,52670.0,63670.0,78350.0,85090.0,42490.0,1.997417840375587,2025,0.3471952099371269,-0.2729680735350413,0.7891189925650233,0.6643793401937726,0.18780788168174964,-0.17658022333227424,-0.7655178619413983,-0.9778848379129824,-1.3226996313405746
National,Postal Service (Federal Government) (491100),All Occupations (00-0000),618900.0,0.0,65730.0,0.0,42600.0,52670.0,63670.0,78350.0,85090.0,13.335700603496061,65730.0,42600.0,52670.0,63670.0,78350.0,85090.0,42490.0,1.997417840375587,2025,0.3471952099371269,-0.2729680735350413,0.7891189925650233,0.6643793401937726,0.18780788168174964,-0.17658022333227424,-0.7655178619413983,-0.9778848379129824,-1.3226996313405746
National,Couriers and Messengers (492000),All Occupations (00-0000),1110140.0,0.0,57450.0,0.3,38360.0,43520.0,46830.0,61700.0,94000.0,13.919997592248293,57450.0,38360.0,43520.0,46830.0,61700.0,94000.0,55640.0,2.4504692387904066,2025,0.6718912732139396,-0.6305869157361387,0.2293426483095647,-0.14060159258993077,-0.6585443156491699,-0.7103191702917612,-0.568029504589479,-0.6630366866353741,-0.8367737543727373
National,Couriers and Express Delivery Services (492100),All Occupations (00-0000),925330.0,0.0,59390.0,0.3,38560.0,44190.0,47620.0,65340.0,94680.0,13.737906790323711,59390.0,38560.0,44190.0,47620.0,65340.0,94680.0,56120.0,2.4553941908713695,2025,0.5707027206764884,-0.5467969937711472,0.2557471928499165,-0.08165763357735357,-0.6188401448717693,-0.5936338990045219,-0.5529574414021271,-0.6515441305431116,-0.8314914361471675
National,Local Messengers and Local Delivery (492200),All Occupations (00-0000),184810.0,0.0,47720.0,0.8,37220.0,40220.0,44520.0,47840.0,58880.0,12.127088960227773,47720.0,37220.0,40220.0,44520.0,47840.0,58880.0,21660.0,1.5819451907576572,2025,-0.32443488597997006,-1.0508322460038533,0.07883674442955932,-0.4309225847414303,-0.7746413213400503,-1.1546207801931718,-1.3464572386185927,-1.476613886666791,-1.7683199568226988
National,Warehousing and Storage (493000),All Occupations (00-0000),1963680.0,0.0,53680.0,0.2,37330.0,42310.0,47440.0,59070.0,74810.0,14.490331331079148,53680.0,37330.0,42310.0,47440.0,59070.0,74810.0,37480.0,2.004018215912135,2025,0.9888279052985709,-0.7934157847093436,0.09335924392675282,-0.2470526230454806,-0.627886664795734,-0.7946274844361125,-0.9933719936560705,-1.0978383921259725,-1.3156203169799163
National,Warehousing and Storage (493100),All Occupations (00-0000),1963680.0,0.0,53680.0,0.2,37330.0,42310.0,47440.0,59070.0,74810.0,14.490331331079148,53680.0,37330.0,42310.0,47440.0,59070.0,74810.0,37480.0,2.004018215912135,2025,0.9888279052985709,-0.7934157847093436,0.09335924392675282,-0.2470526230454806,-0.627886664795734,-0.7946274844361125,-0.9933719936560705,-1.0978383921259725,-1.3156203169799163
National,Sector 51 - Information (51--52),All Occupations (00-0000),2879620.0,0.0,115030.0,0.3,39110.0,58760.0,95970.0,157900.0,213340.0,14.873169246230232,115030.0,39110.0,58760.0,95970.0,157900.0,213340.0,174230.0,5.454870877013551,2025,1.2015723936590452,1.8563325207299464,0.328359690335884,1.200153534800631,1.8111556235931927,2.3735058565852745,2.0771175847907726,2.1763429529092324,2.3856343563301246
National,Motion Picture and Sound Recording Industries (512000),All Occupations (00-0000),374240.0,0.0,91840.0,1.6,27890.0,36220.0,62200.0,107750.0,176920.0,12.832655253896522,91840.0,27890.0,36220.0,62200.0,107750.0,176920.0,149030.0,6.343492291143779,2025,0.06765099216957596,0.8547406184783224,-1.152935258377853,-0.7828268176523389,0.11392796896937125,0.7658777370646576,1.2698756123152508,1.5729837580654507,3.3387362371861795
National,Motion Picture and Video Industries (512100),All Occupations (00-0000),354380.0,0.0,91520.0,1.7,27650.0,35990.0,61420.0,107750.0,176920.0,12.778127884537753,91520.0,27650.0,35990.0,61420.0,107750.0,176920.0,149270.0,6.398553345388788,2025,0.03734992522510672,0.8409196004222413,-1.1846207118262753,-0.8030613110447161,0.07472638263219089,0.7658777370646576,1.2698756123152508,1.5787300361115817,3.3977926514570433
National,Motion Picture and Video Exhibition (512130),All Occupations (00-0000),117200.0,0.0,34790.0,0.5,22650.0,27040.0,32220.0,37510.0,47180.0,11.671645688511857,37987.2,23029.0,28643.0,34938.6,41130.9,53243.1,24530.0,2.0830022075055186,2025,-0.5775264476665521,-1.4711985101795586,-1.794697713431104,-1.4494214108438275,-1.2561875768926911,-1.3696903278836159,-1.4713979930020982,-1.407897978365138,-1.23090506057474
National,Sound Recording Industries (512200),All Occupations (00-0000),19860.0,0.1,97560.0,3.0,40520.0,52410.0,76230.0,107100.0,171170.0,9.896513288798792,97560.0,40520.0,52410.0,76230.0,107100.0,171170.0,130650.0,4.224333662388943,2025,-1.5639742868259012,1.1017913162307713,0.5145117293453643,0.6415055650545636,0.8190539385983975,0.7450410814776506,1.1424280191869078,1.1329146310325653,1.0658064576630248
National,Publishing Industries (513000),All Occupations (00-0000),910660.0,0.0,127420.0,0.4,47660.0,69500.0,110590.0,168150.0,216560.0,13.721925988437764,127420.0,47660.0,69500.0,110590.0,168150.0,216560.0,168900.0,4.543852287033151,2025,0.5618221281691498,2.391465063588835,1.4571539694359241,2.1450164001664205,2.5459340751952144,2.7020838869957693,2.1484882369426446,2.048727694634734,1.4085101076926705
National,"Newspaper, Periodical, Book, and Directory Publishers (513100)",All Occupations (00-0000),251110.0,0.0,88710.0,0.7,35250.0,46700.0,68870.0,106990.0,167930.0,12.433650351434276,88710.0,35250.0,46700.0,68870.0,106990.0,167930.0,132680.0,4.763971631205674,2025,-0.15407755264854117,0.7195537856172796,-0.1812480192929061,0.13916227257424155,0.44915179059628535,0.7415148782244648,1.0706140710589374,1.1815185661727587,1.644601830903031
National,Newspaper Publishers (513110),All Occupations (00-0000),83970.0,0.0,69500.0,1.0,30130.0,37240.0,50990.0,80850.0,134640.0,11.338226780121822,69500.0,30130.0,37240.0,50990.0,80850.0,134640.0,104510.0,4.4686359110521074,2025,-0.7628086056449559,-0.11013920456183636,-0.8572043595259127,-0.6930912382600573,-0.44946918851754136,-0.09643924030532425,0.33274791884284394,0.5070491805081028,1.327835853979263
National,Software Publishers (513200),All Occupations (00-0000),659550.0,0.0,142150.0,0.5,60580.0,83190.0,131390.0,175450.0,223340.0,13.399314579461194,142150.0,60580.0,82321.39999999998,129609.79999999997,173195.2,223340.0,162760.0,3.686695278969957,2025,0.38254573879980963,3.027663800982816,3.1628875467426516,3.2729926331273993,3.5018396288053455,2.8638148020227967,2.2987655728400647,1.9017187479545428,0.4891557644557276
National,Broadcasting and Content Providers (516000),All Occupations (00-0000),343200.0,0.0,118460.0,1.2,38640.0,53300.0,86740.0,157790.0,221190.0,12.746071560344612,118460.0,38640.0,53300.0,86740.0,157790.0,221190.0,182550.0,5.724378881987578,2025,0.01953610371138383,2.004476558018565,0.2663090106660572,0.7198042568772407,1.3472701852698918,2.3699796533320883,2.2511112554094668,2.3755472585084494,2.674698498114202
National,Radio and Television Broadcasting Stations (516100),All Occupations (00-0000),115710.0,0.0,79040.0,1.0,32810.0,41800.0,60010.0,93860.0,136850.0,11.658850982128433,79040.0,32810.0,41800.0,60010.0,93860.0,136850.0,104040.0,4.170984455958549,2025,-0.5846365147616304,0.3018998962350801,-0.5033834626851983,-0.29192041274162145,0.003861976561134094,0.32061443536692347,0.3817321242017375,0.49579605266776233,1.008586106923722
National,Radio Broadcasting Stations (516110),All Occupations (00-0000),50760.0,0.0,70010.0,1.2,28820.0,36240.0,49740.0,79420.0,129760.0,10.834883622185886,70010.0,28820.0,36240.0,49740.0,79420.0,129760.0,100940.0,4.502428868841083,2025,-1.0425183166399246,-0.08811195703495717,-1.030154126265217,-0.7810672964877844,-0.512292243545074,-0.14227988259673965,0.22458370067478944,0.4215732945719003,1.36408090852804
National,Television Broadcasting Stations (516120),All Occupations (00-0000),64950.0,0.0,86090.0,1.3,37860.0,46340.0,64170.0,99090.0,146710.0,11.081388418439035,86090.0,37860.0,46340.0,64170.0,99090.0,146710.0,108850.0,3.8750660327522453,2025,-0.9055346619865368,0.6063942002831159,0.16333128695868512,0.10749089161225979,0.21293710369276267,0.48826937185930286,0.6002770404183395,0.6109610418423096,0.6911951446386819
National,"Media Streaming Distribution Services, Social Networks, & Other Media Networks & Content Providers (516200)",All Occupations (00-0000),227490.0,0.0,138510.0,1.4,46230.0,66290.0,105860.0,172530.0,272090.0,12.334865956151047,138510.0,46230.0,66290.0,105860.0,172530.0,243703.3999999999,225860.0,5.885572139303482,2025,-0.20897241755301535,2.870449720594894,1.2683614759724087,1.8626132532554163,2.308211634971031,2.8424908892589857,2.750116236824358,3.4125110175832187,2.8475883185553146
National,Telecommunications (517000),All Occupations (00-0000),591190.0,0.0,89330.0,0.4,43760.0,54960.0,78520.0,105140.0,153990.0,13.289894425225558,89330.0,43760.0,54960.0,78520.0,105140.0,153990.0,110230.0,3.518967093235832,2025,0.3217405421149467,0.7463320081009366,0.9422653508990637,0.8658445135352677,0.9341457754088373,0.6822105507845218,0.7616367757182241,0.6440021406075643,0.30925682576962843
National,"Computing Infrastructure Providers, Data Processing, Web Hosting, and Related Services (518000)",All Occupations (00-0000),485550.0,0.0,123660.0,0.8,44510.0,65940.0,107510.0,165800.0,214740.0,13.093039607540511,123660.0,44510.0,65940.0,107510.0,165800.0,214740.0,170230.0,4.824533812626376,2025,0.21234756975699148,2.2290681014298825,1.0412823929253832,1.8318216328757118,2.391138067607374,2.6267513629504364,2.1081483031176735,2.080571652140378,1.7095585471186918
National,"Computing Infrastructure Providers, Data Processing, Web Hosting, and Related Services (518200)",All Occupations (00-0000),485550.0,0.0,123660.0,0.8,44510.0,65940.0,107510.0,165800.0,214740.0,13.093039607540511,123660.0,44510.0,65940.0,107510.0,165800.0,214740.0,170230.0,4.824533812626376,2025,0.21234756975699148,2.2290681014298825,1.0412823929253832,1.8318216328757118,2.391138067607374,2.6267513629504364,2.1081483031176735,2.080571652140378,1.7095585471186918
National,"Web Search Portals, Libraries, Archives, and Other Information Services (519000)",All Occupations (00-0000),174790.0,0.0,156350.0,0.7,42450.0,76360.0,165040.0,215160.0,282610.0,12.071346253463862,143500.9,42450.0,76360.0,129609.79999999997,173195.2,243703.3999999999,240160.0,6.657479387514723,2025,-0.35541132055186014,3.0860100925201905,0.7693155841597593,2.7485321596086285,3.5018396288053455,2.8638148020227967,2.750116236824358,3.7548934178318727,3.675506978198078
National,"Web Search Portals, Libraries, Archives, and Other Information Services (519200)",All Occupations (00-0000),174790.0,0.0,156350.0,0.7,42450.0,76360.0,165040.0,215160.0,282610.0,12.071346253463862,143500.9,42450.0,76360.0,129609.79999999997,173195.2,243703.3999999999,240160.0,6.657479387514723,2025,-0.35541132055186014,3.0860100925201905,0.7693155841597593,2.7485321596086285,3.5018396288053455,2.8638148020227967,2.750116236824358,3.7548934178318727,3.675506978198078
National,Sector 52 - Finance and Insurance (52--53),All Occupations (00-0000),6281650.0,0.0,100840.0,0.3,40310.0,50110.0,77030.0,125880.0,182530.0,15.653143401981906,100840.0,40310.0,50110.0,77030.0,125880.0,182530.0,142220.0,4.528156784916894,2025,1.6350070043200549,1.243456751305602,0.4867869575779949,0.4391606311307911,0.8592606938160183,1.347060145976099,1.3942201336109037,1.4099331185064763,1.3916757029055353
National,Monetary Authorities-Central Bank (521000),All Occupations (00-0000),20490.0,0.1,144520.0,0.7,65780.0,95810.0,131780.0,172990.0,223070.0,9.927741044336832,143500.9,64812.499999999985,82321.39999999998,129609.79999999997,172990.0,223070.0,157290.0,3.3911523259349345,2025,-1.5466209040713101,3.0860100925201905,3.721673720577845,3.2729926331273993,3.5018396288053455,2.8572368301359443,2.2927810771627337,1.7707514941531346,0.17216751734360908
National,Monetary Authorities-Central Bank (521100),All Occupations (00-0000),20490.0,0.1,144520.0,0.7,65780.0,95810.0,131780.0,172990.0,223070.0,9.927741044336832,143500.9,64812.499999999985,82321.39999999998,129609.79999999997,172990.0,223070.0,157290.0,3.3911523259349345,2025,-1.5466209040713101,3.0860100925201905,3.721673720577845,3.2729926331273993,3.5018396288053455,2.8572368301359443,2.2927810771627337,1.7707514941531346,0.17216751734360908
National,Credit Intermediation and Related Activities (522000),All Occupations (00-0000),2510490.0,0.0,89460.0,0.3,38340.0,47560.0,64320.0,107180.0,168170.0,14.735988909507233,89460.0,38340.0,47560.0,64320.0,107180.0,168170.0,129830.0,4.386280646844027,2025,1.1253407577780103,0.7519467966862196,0.2267021938555295,0.2148216826500869,0.2204758702960666,0.747605592934513,1.0759336227721203,1.1132815143749502,1.239504697463137
National,Credit Intermediation and Related Activities (5221 and 5223 only) (5220A1),All Occupations (00-0000),1999900.0,0.0,88930.0,0.3,38780.0,47670.0,63970.0,106190.0,167370.0,14.508608237299054,88930.0,38780.0,47670.0,63970.0,106190.0,167370.0,128590.0,4.315884476534296,2025,0.998984451734239,0.7290557355308352,0.2847921918443035,0.22449904905513687,0.20288541488835746,0.7158697636558408,1.058201783728177,1.0835924111366053,1.16400041491899
National,Nondepository Credit Intermediation (522200),All Occupations (00-0000),510600.0,0.0,91520.0,0.6,36410.0,47020.0,66020.0,115730.0,171990.0,13.143343742267822,91520.0,36410.0,47020.0,66020.0,115730.0,171990.0,135580.0,4.723702279593518,2025,0.24030176912294157,0.8409196004222413,-0.028101660958865543,0.16731461120711424,0.305915225133511,1.0216877548866818,1.16060315420695,1.2509527592301781,1.6014104401126503
National,Other Nondepository Credit Intermediation (522290),All Occupations (00-0000),358260.0,0.0,86320.0,0.8,34710.0,44590.0,62250.0,103640.0,167630.0,12.789017050034108,86320.0,34710.0,44590.0,62250.0,103640.0,167630.0,132920.0,4.829443964275425,2025,0.043401075987643756,0.6163280570109242,-0.252540289551856,-0.04646721028626272,0.11644089117047256,0.6341259609683518,1.0639646314174585,1.18726484421889,1.7148249909580833
National,"Securities, Commodity Contracts, and Other Financial Investments and Related Activities (523000)",All Occupations (00-0000),1099930.0,0.0,148700.0,0.8,50480.0,72420.0,111990.0,179000.0,308090.0,13.910758008528434,143500.9,50480.0,72420.0,111990.0,173195.2,243703.3999999999,257610.0,6.103209191759112,2025,0.6667568013307944,3.0860100925201905,1.829458047454885,2.401906490191384,2.616295896826051,2.8638148020227967,2.750116236824358,4.1726957174359995,3.0810176291042386
National,Insurance Carriers and Related Activities (524000),All Occupations (00-0000),2617090.0,0.0,91090.0,0.3,40290.0,49750.0,75400.0,105750.0,163320.0,14.777573953548156,91090.0,40290.0,49750.0,75400.0,105750.0,163320.0,123030.0,4.0536113179449,2025,1.148449725223,0.8223476074093824,0.48414650312395974,0.4074892501688093,0.7773394300601159,0.7017649506430976,0.9684343485682136,0.9504703030678979,0.8826960970455762
National,Insurance Carriers (524100),All Occupations (00-0000),1215820.0,0.0,97870.0,0.3,46290.0,58960.0,80760.0,123130.0,166720.0,14.010930126725317,97870.0,46290.0,58960.0,80760.0,123130.0,166720.0,120430.0,3.601641823287967,2025,0.7224228291466924,1.1151804274725998,1.2762828393345143,1.2177487464461763,1.0467246900181757,1.258905064646454,1.043794664504973,0.8882189575681426,0.3979306293253109
National,Direct Health and Medical Insurance Carriers (524114),All Occupations (00-0000),451820.0,0.1,93210.0,0.4,45680.0,54760.0,79630.0,108790.0,161050.0,13.021041362679535,93210.0,45680.0,54760.0,79630.0,108790.0,161050.0,115370.0,3.52561295971979,2025,0.17233787071828527,0.9139118520309194,1.1957489784864412,0.8482493018897224,0.9899326482732862,0.7992163860038688,0.9181202552810244,0.767068262095542,0.31638493200818735
National,"Direct Insurance (except Life, Health, and Medical) Carriers (524120)",All Occupations (00-0000),531400.0,0.0,97550.0,0.5,47190.0,60020.0,80080.0,121170.0,166100.0,13.183272194127683,97550.0,47190.0,60020.0,80080.0,121170.0,166100.0,118910.0,3.51981351981352,2025,0.2624901619800067,1.1013594094165187,1.3951032897660975,1.311003368167567,1.012548948083198,1.1960745339533252,1.0300524892459169,0.851825863275978,0.3101646710571411
National,"Agencies, Brokerages, and Other Insurance Related Activities (524200)",All Occupations (00-0000),1401270.0,0.0,85200.0,0.6,37690.0,47200.0,64220.0,99640.0,157700.0,14.1528902398753,85200.0,37690.0,47200.0,64220.0,99640.0,157700.0,120010.0,4.184133722472804,2025,0.8013106050028781,0.5679544938146405,0.1408874240993861,0.18315030168810512,0.21545002589386397,0.5059003881252319,0.8438681792845115,0.8781629709874129,1.0226895152451174
National,Insurance Agencies and Brokerages (524210),All Occupations (00-0000),1004520.0,0.0,84590.0,0.8,37060.0,46790.0,63080.0,98700.0,158530.0,13.820021368941946,84590.0,37060.0,46790.0,63080.0,98700.0,158530.0,121470.0,4.277657852131679,2025,0.616334104935224,0.541608178145236,0.05771310879727787,0.147080117814737,0.15815539970875422,0.47576737850709866,0.8622649622926027,0.9131194957680447,1.1229999764447791
National,Other Insurance Related Activities (524290),All Occupations (00-0000),396750.0,0.0,86750.0,0.6,39810.0,48100.0,72030.0,102060.0,155320.0,12.89106415886437,86750.0,39810.0,48100.0,72030.0,102060.0,155320.0,115510.0,3.9015322783220294,2025,0.10010904324368795,0.634900050023783,0.42077559622711536,0.26232875409305956,0.6079684737058878,0.5834768596953194,0.79111595812878,0.7704202576224519,0.719581843440499
National,"Funds, Trusts, and Other Financial Vehicles (525000)",All Occupations (00-0000),33650.0,0.1,117460.0,1.4,45260.0,59720.0,90050.0,142370.0,213800.0,10.423798052313334,117460.0,45260.0,59720.0,90050.0,142370.0,213800.0,168540.0,4.723817940786566,2025,-1.2709601343747126,1.9612858765933119,1.1402994349517024,1.284610550699249,1.5136256349827981,1.875670070021861,2.08731339224104,2.0401082775655373,1.6015344939547964
National,Insurance and Employee Benefit Funds (525100),All Occupations (00-0000),13690.0,0.1,98050.0,1.6,45690.0,59010.0,80130.0,114590.0,168300.0,9.524493961633755,98050.0,45690.0,59010.0,80130.0,114590.0,168300.0,122610.0,3.6835193696651345,2025,-1.7707068446152716,1.1229547501291453,1.1970692057134589,1.2221475493575626,1.0150618702842993,0.9851434666263927,1.078815046616761,0.9404143164871682,0.48574940367742303
National,Other Investment Pools and Funds (525900),All Occupations (00-0000),19960.0,0.1,130780.0,1.9,44900.0,60990.0,99930.0,165230.0,249990.0,9.901535648810883,130780.0,44900.0,60990.0,99930.0,165230.0,243703.3999999999,205090.0,5.567706013363029,2025,-1.5611833422280736,2.536585753177686,1.0927712547790691,1.3963401446484625,2.0101790619204163,2.6084792188202917,2.750116236824358,2.915218538340943,2.5066570764348373
National,Sector 53 - Real Estate and Rental and Leasing (53--54),All Occupations (00-0000),2427950.0,0.0,66320.0,0.5,34490.0,39990.0,51540.0,74790.0,110500.0,14.702558249738772,66320.0,34490.0,39990.0,51540.0,74790.0,110500.0,76010.0,3.2038271962887794,2025,1.1067632127477915,-0.24748557149414185,-0.281585288546243,-0.45115707813380757,-0.421827044305427,-0.290700983162651,-0.2023103243081471,-0.17532133746998382,-0.028750365748492195
National,Real Estate (531000),All Occupations (00-0000),1837320.0,0.0,68380.0,0.6,35000.0,41440.0,53850.0,76640.0,118560.0,14.423819090357997,68380.0,35000.0,41440.0,53850.0,76640.0,118560.0,83560.0,3.3874285714285715,2025,0.9518667996663199,-0.15851276775812007,-0.21425369996834587,-0.3235917937036032,-0.3057300386145467,-0.231396655722708,-0.023662045940417688,0.005446992731228586,0.16817355842316745
National,Rental and Leasing Services (532000),All Occupations (00-0000),569390.0,0.0,58220.0,0.6,32820.0,37840.0,47640.0,64420.0,93060.0,13.25232264758946,58220.0,32820.0,37840.0,47640.0,64420.0,93060.0,60240.0,2.835466179159049,2025,0.30086176210479376,-0.5973300910386936,-0.5020632354581807,-0.6403056033234209,-0.6178349759913287,-0.6231257807584395,-0.5888644154661125,-0.5528996907511917,-0.42384052751781426
National,"Rental and Leasing Services (5322, 5323, and 5324 only) (5320A1)",All Occupations (00-0000),358680.0,0.0,62430.0,0.9,34770.0,39760.0,50540.0,71570.0,100260.0,12.790188693062543,62430.0,34770.0,39760.0,50540.0,71570.0,100260.0,65490.0,2.883520276100086,2025,0.04405216248341885,-0.4154973222383772,-0.24461892618975045,-0.4713915715261848,-0.47208548832745306,-0.3939225693013626,-0.4292778640706222,-0.4271998584920705,-0.37229951190750454
National,Automotive Equipment Rental and Leasing (532100),All Occupations (00-0000),210710.0,0.0,51040.0,0.7,30530.0,35890.0,44030.0,58540.0,77440.0,12.25824280535883,51040.0,30530.0,35890.0,44030.0,58540.0,77440.0,46910.0,2.536521454307239,2025,-0.2515521944422105,-0.9074391836720123,-0.804395270445209,-0.8118589168674889,-0.799267958910843,-0.8116173728378259,-0.9350785727991067,-0.8720575505633985,-0.7444773870370475
National,Lessors of Nonfinancial Intangible Assets (except Copyrighted Works) (533000),All Occupations (00-0000),21250.0,0.1,105740.0,2.0,43190.0,59110.0,82860.0,128710.0,193540.0,9.96415923206886,105740.0,43190.0,59110.0,82860.0,128710.0,193540.0,150350.0,4.481129891178513,2025,-1.5263831783669257,1.4550910902893432,0.8670123989590611,1.2309451551803354,1.1522674224644305,1.4377797387626063,1.6382545684531742,1.6045882873191724,1.3412364267862003
National,Lessors of Nonfinancial Intangible Assets (except Copyrighted Works) (533100),All Occupations (00-0000),21250.0,0.1,105740.0,2.0,43190.0,59110.0,82860.0,128710.0,193540.0,9.96415923206886,105740.0,43190.0,59110.0,82860.0,128710.0,193540.0,150350.0,4.481129891178513,2025,-1.5263831783669257,1.4550910902893432,0.8670123989590611,1.2309451551803354,1.1522674224644305,1.4377797387626063,1.6382545684531742,1.6045882873191724,1.3412364267862003
National,"Sector 54 - Professional, Scientific, and Technical Services (54--55)",All Occupations (00-0000),10800470.0,0.0,108640.0,0.3,41250.0,58180.0,87530.0,135200.0,201650.0,16.195100302254623,108640.0,41250.0,58180.0,87530.0,135200.0,201650.0,160400.0,4.888484848484849,2025,1.936174519080045,1.5803440664225779,0.6108883169176484,1.1491274210285491,1.3869743560472925,1.6458257307005684,1.81801108676115,1.8452136805009187,1.7781500210469479
National,"Professional, Scientific, and Technical Services (541000)",All Occupations (00-0000),10800470.0,0.0,108640.0,0.3,41250.0,58180.0,87530.0,135200.0,201650.0,16.195100302254623,108640.0,41250.0,58180.0,87530.0,135200.0,201650.0,160400.0,4.888484848484849,2025,1.936174519080045,1.5803440664225779,0.6108883169176484,1.1491274210285491,1.3869743560472925,1.6458257307005684,1.81801108676115,1.8452136805009187,1.7781500210469479
National,Legal Services (541100),All Occupations (00-0000),1224710.0,0.0,115940.0,1.7,41150.0,52430.0,78200.0,132240.0,225900.0,14.018215455760501,115940.0,41150.0,52430.0,78200.0,132240.0,225900.0,184750.0,5.4896719319562575,2025,0.7264713142543295,1.8956360408269268,0.5976860446474725,0.643265086219118,0.9180630733217889,1.5509388067966596,2.3555074577806834,2.428221473931319,2.4229606579409557
National,"Accounting, Tax Preparation, Bookkeeping, and Payroll Services (541200)",All Occupations (00-0000),1091370.0,0.0,93230.0,0.5,38410.0,49920.0,76470.0,110730.0,168780.0,13.90294526200503,93230.0,38410.0,49920.0,76470.0,110730.0,168780.0,130370.0,4.394168185368394,2025,0.6624152283150815,0.9147756656594245,0.23594378444465264,0.42244518006752296,0.8311159651636837,0.861405788832782,1.0894541500431272,1.1262106399787455,1.2479645743953809
National,"Architectural, Engineering, and Related Services (541300)",All Occupations (00-0000),1719390.0,0.0,102150.0,0.3,47640.0,63280.0,88740.0,128430.0,170050.0,14.357480716324694,102150.0,47640.0,63280.0,88740.0,128430.0,170050.0,122410.0,3.5694794290512175,2025,0.9150023124150742,1.300036543972684,1.454513514981889,1.5978053179899576,1.447787073313944,1.428803948663588,1.1176034445253873,0.9356257514487255,0.363434455867817
National,Engineering Services (541330),All Occupations (00-0000),1202060.0,0.0,109400.0,0.4,52310.0,72380.0,98090.0,133440.0,176450.0,13.999548141541695,109400.0,52310.0,72380.0,98090.0,133440.0,176450.0,124140.0,3.3731600076467214,2025,0.7160978166059139,1.6131689843057704,2.071059629999104,2.3983874478622744,1.9177035249198882,1.5894064786495956,1.259458156876934,0.977046839031255,0.15286963398318892
National,Testing Laboratories and Services (541380),All Occupations (00-0000),172160.0,0.0,79710.0,0.8,39180.0,47860.0,63880.0,99200.0,132770.0,12.056185364488872,79710.0,39180.0,47860.0,63880.0,99200.0,132770.0,93590.0,3.3887187340479836,2025,-0.36383628433007215,0.3308376527899998,0.33760128092500713,0.24121450011840503,0.1983621549263751,0.4917955751124886,0.29129974507762635,0.24559352940913062,0.16955733828669403
National,Specialized Design Services (541400),All Occupations (00-0000),151930.0,0.1,82650.0,1.9,37590.0,49580.0,68560.0,99990.0,137920.0,11.931181749394694,82650.0,37590.0,49580.0,68560.0,99990.0,137920.0,100330.0,3.6690609204575684,2025,-0.43330126959916565,0.4578182561802445,0.12768515182921017,0.39253332027009574,0.43357167294945725,0.5171201257490048,0.4054484589230118,0.40696817120465,0.470241815277158
National,Computer Systems Design and Related Services (541500),All Occupations (00-0000),2445140.0,0.0,124640.0,0.5,50280.0,75460.0,109990.0,163340.0,211160.0,14.709613347939989,124640.0,50280.0,75460.0,109990.0,163340.0,211160.0,160880.0,4.199681782020684,2025,1.1106837577036341,2.2713949692266304,1.803053502914533,2.6693537072036744,2.5157790087819984,2.5478926356519174,2.028798323396027,1.8567062365931812,1.0393657786831874
National,"Management, Scientific, and Technical Consulting Services (541600)",All Occupations (00-0000),1872730.0,0.0,105410.0,0.6,39740.0,54990.0,82660.0,132030.0,197690.0,14.44290835125072,105410.0,39740.0,54990.0,82660.0,132030.0,197690.0,157950.0,4.974584801207851,2025,0.9624747746893774,1.4408381654190097,0.41153400563799225,0.8684837952820995,1.1422157336600254,1.544206964222396,1.7302384834936304,1.7865537587799956,1.870497589513135
National,Scientific Research and Development Services (541700),All Occupations (00-0000),931790.0,0.0,136980.0,0.5,56580.0,79470.0,124450.0,171540.0,227360.0,13.744863819593139,136980.0,56580.0,79470.0,124450.0,171540.0,227360.0,170780.0,4.018381053375752,2025,0.5745687683532165,2.8043679780142563,2.6347966559356153,3.02213770069686,3.242516109340496,2.8107550599803135,2.3878680640358803,2.0937402059960957,0.8449094413449848
National,"Research and Development in the Physical, Engineering, and Life Sciences (541710)",All Occupations (00-0000),868520.0,0.0,139740.0,0.5,59030.0,81170.0,127250.0,173350.0,230760.0,13.674547043991009,139740.0,59030.0,81170.0,127250.0,173195.2,230760.0,171730.0,3.909198712519058,2025,0.5354934681893604,2.9235742587479554,2.958252326554925,3.1716969996839963,3.3832397526021687,2.8638148020227967,2.4632283799726395,2.1164858899286982,0.7278045721936643
National,Research and Development in the Social Sciences and Humanities (541720),All Occupations (00-0000),63270.0,0.1,99080.0,1.3,42450.0,54720.0,81010.0,125610.0,174290.0,11.055182367294991,99080.0,42450.0,54720.0,81010.0,125610.0,174290.0,131840.0,4.105771495877503,2025,-0.9200974644727739,1.1674411519971564,0.7693155841597593,0.8447302595606132,1.0592893010236821,1.3384049198091883,1.211582191458287,1.1614065930112993,0.9386411405734889
National,"Advertising, Public Relations, and Related Services (541800)",All Occupations (00-0000),481600.0,0.0,92910.0,0.9,35710.0,47330.0,73830.0,114300.0,172330.0,13.084871249386552,92910.0,35710.0,47330.0,73830.0,114300.0,172330.0,136620.0,4.825819098291795,2025,0.2078083820030215,0.9009546476033434,-0.1205175668500969,0.19458718925770965,0.6984336729455348,0.9758471125952666,1.1681391858006258,1.2758532974300802,1.7109370961449357
National,"Other Professional, Scientific, and Technical Services (541900)",All Occupations (00-0000),881820.0,0.0,75850.0,1.5,32940.0,38060.0,50000.0,91340.0,154570.0,13.689744366546423,75850.0,32940.0,38060.0,50000.0,91340.0,154570.0,121630.0,4.692471159684274,2025,0.5439386782470547,0.1641216224885221,-0.4862205087339696,-0.620950870513321,-0.4992250480993472,0.2398323244757579,0.7744923590250831,0.9169503477987989,1.5679131164454319
National,Photographic Services (541920),All Occupations (00-0000),50990.0,0.0,53860.0,2.0,29990.0,35320.0,43230.0,58900.0,87870.0,10.839404425545462,53860.0,29990.0,35320.0,43230.0,58900.0,87870.0,57880.0,2.929976658886295,2025,-1.0400060889852218,-0.785641462052798,-0.8756875407041589,-0.8620052700572933,-0.8394747141284639,-0.8000770712819452,-0.703899721263695,-0.6094047582048157,-0.322472144361289
National,Veterinary Services (541940),All Occupations (00-0000),471540.0,0.0,60890.0,0.5,30810.0,36720.0,45130.0,59610.0,125210.0,13.063761333796888,60890.0,30810.0,36720.0,45130.0,59610.0,125210.0,94400.0,4.063940279130152,2025,0.19607752146460422,-0.4820109716332673,-0.7674289080887164,-0.7388387885384753,-0.7439836704866143,-0.7773170321022913,0.12373386611236153,0.2649872178148236,0.8937745520281057
National,Sector 55 - Management of Companies and Enterprises (55--56),All Occupations (00-0000),2828130.0,0.0,115590.0,0.4,46090.0,61420.0,96620.0,138550.0,206270.0,14.855126627415139,115590.0,46090.0,61420.0,96620.0,138550.0,206270.0,160180.0,4.4753742677370365,2025,1.1915460416270498,1.8805193023280882,1.2498782947941625,1.434169849686385,1.8438236122075098,1.7532146479566815,1.920412457239923,1.8399462589586317,1.3350631617260282
National,Management of Companies and Enterprises (551000),All Occupations (00-0000),2828130.0,0.0,115590.0,0.4,46090.0,61420.0,96620.0,138550.0,206270.0,14.855126627415139,115590.0,46090.0,61420.0,96620.0,138550.0,206270.0,160180.0,4.4753742677370365,2025,1.1915460416270498,1.8805193023280882,1.2498782947941625,1.434169849686385,1.8438236122075098,1.7532146479566815,1.920412457239923,1.8399462589586317,1.3350631617260282
National,Management of Companies and Enterprises (551100),All Occupations (00-0000),2828130.0,0.0,115590.0,0.4,46090.0,61420.0,96620.0,138550.0,206270.0,14.855126627415139,115590.0,46090.0,61420.0,96620.0,138550.0,206270.0,160180.0,4.4753742677370365,2025,1.1915460416270498,1.8805193023280882,1.2498782947941625,1.434169849686385,1.8438236122075098,1.7532146479566815,1.920412457239923,1.8399462589586317,1.3350631617260282
National,Sector 56 - Administrative and Support and Waste Management and Remediation Services (56--57),All Occupations (00-0000),9114350.0,0.0,56320.0,0.2,30960.0,35990.0,44110.0,60430.0,96290.0,16.025360762243455,56320.0,30960.0,35990.0,44110.0,60430.0,96290.0,65330.0,3.110142118863049,2025,1.8418496098558181,-0.6793923857466748,-0.7476254996834526,-0.8030613110447161,-0.7952472833890809,-0.7510307896694517,-0.5172721153261911,-0.43103071052282466,-0.1292334534647682
National,Administrative and Support Services (561000),All Occupations (00-0000),8599170.0,0.0,55920.0,0.2,30770.0,35820.0,43420.0,59670.0,96260.0,15.967176361228569,55920.0,30770.0,35820.0,43420.0,59670.0,96260.0,65490.0,3.1283717907052324,2025,1.8095163164839025,-0.6966686583167762,-0.7727098169967868,-0.8180172409434298,-0.829925609764279,-0.7753936485096445,-0.5179370592903391,-0.4271998584920705,-0.10968099361640866
National,Office Administrative Services (561100),All Occupations (00-0000),553120.0,0.0,92260.0,1.2,38200.0,48030.0,70110.0,108890.0,168730.0,13.223332063079765,92260.0,38200.0,48030.0,70110.0,108890.0,168730.0,130530.0,4.417015706806283,2025,0.28475158381602006,0.8728807046769288,0.20821901267728324,0.25617043001711864,0.5114722611835977,0.8024220253249468,1.0883459101028807,1.1300414920094997,1.27246996590304
National,Facilities Support Services (561200),All Occupations (00-0000),200420.0,0.0,58130.0,1.0,31650.0,37260.0,46510.0,66500.0,96910.0,12.208175433121877,58130.0,31650.0,37260.0,46510.0,66500.0,96910.0,65260.0,3.0619273301737757,2025,-0.2793748239900189,-0.6012172523669663,-0.6565298210192388,-0.6913317170955027,-0.6746270177362182,-0.5564484828800171,-0.503529940067135,-0.4327067082862796,-0.18094682099575707
National,Employment Services (561300),All Occupations (00-0000),3301980.0,0.0,58460.0,0.4,31010.0,35410.0,42060.0,61920.0,106630.0,15.010033149357223,58460.0,31010.0,35410.0,42060.0,61920.0,106630.0,75620.0,3.4385682038052243,2025,1.2776281861849204,-0.5869643274966327,-0.7410243635483647,-0.8540874248167979,-0.8982770936342345,-0.7032667637853895,-0.28808809568322313,-0.1846590392949471,0.22302400320136634
National,Temporary Help Services (561320),All Occupations (00-0000),2593250.0,0.0,54310.0,0.4,30690.0,35090.0,39620.0,57430.0,98100.0,14.768422858910505,54310.0,30690.0,35090.0,39620.0,57430.0,98100.0,67410.0,3.196480938416422,2025,1.1433644270600498,-0.7662056554114339,-0.7832716348129275,-0.8822397634496706,-1.020907697047978,-0.8471999693017918,-0.47715382948926927,-0.38122963412302047,-0.03662968542733493
National,Business Support Services (561400),All Occupations (00-0000),652900.0,0.0,54980.0,0.7,30050.0,35260.0,41550.0,57850.0,95290.0,13.389180788801673,54980.0,30050.0,35260.0,41550.0,57850.0,95290.0,65240.0,3.1710482529118136,2025,0.37691435271266815,-0.7372678988565142,-0.8677661773420533,-0.867283833550957,-0.9239089000854678,-0.8337362841532641,-0.5394369141311204,-0.4331855647901239,-0.06390782660671299
National,Travel Arrangement and Reservation Services (561500),All Occupations (00-0000),190670.0,0.0,73680.0,1.5,35780.0,44620.0,57820.0,82760.0,134660.0,12.158304708708291,73680.0,35780.0,44620.0,57820.0,82760.0,134660.0,98880.0,3.7635550586920066,2025,-0.30708817559300056,0.07039784379572243,-0.11127597626097377,-0.0438279285394309,-0.10620401584710307,-0.035211529272734465,0.33319121481894254,0.3722510746759404,0.5715926711635956
National,Investigation and Security Services (561600),All Occupations (00-0000),1061550.0,0.0,47740.0,0.4,30840.0,35850.0,40150.0,49660.0,73680.0,13.875241604190343,47740.0,30840.0,35850.0,40150.0,49660.0,73680.0,42840.0,2.3891050583657587,2025,0.6470202000949187,-1.0499684323753482,-0.7634682264076637,-0.815377959196598,-0.9942707217163043,-1.0962781445495522,-1.0184182163056406,-0.9695048490957077,-0.9025906645325806
National,"Investigation, Guard, and Armored Car Services (561610)",All Occupations (00-0000),900980.0,0.0,44130.0,0.5,30330.0,35510.0,37980.0,46250.0,62380.0,13.711239448687772,44130.0,30330.0,35510.0,37980.0,46250.0,62380.0,32050.0,2.0567095285196175,2025,0.5558835773060288,-1.2058867923205125,-0.8307998149855608,-0.8452898189940252,-1.1033315452441008,-1.205590445398312,-1.2688804428013405,-1.227847932919692,-1.2591055983917754
National,Security Systems Services (561620),All Occupations (00-0000),160570.0,0.1,68040.0,0.6,37180.0,46610.0,60380.0,78250.0,103180.0,11.986491491337752,68040.0,37180.0,46610.0,60380.0,78250.0,103180.0,66000.0,2.775147928994083,2025,-0.4025654352281579,-0.17319759944270618,0.07355583552148895,0.1312444273337461,0.022457600849283752,-0.17978586265335222,-0.3645566515602289,-0.41498901764404156,-0.48853561225020875
National,Services to Buildings and Dwellings (561700),All Occupations (00-0000),2310020.0,0.0,45680.0,0.4,29840.0,35410.0,39130.0,48390.0,63850.0,14.652767173365746,45680.0,29840.0,35410.0,39130.0,48390.0,63850.0,34010.0,2.139745308310992,2025,1.0790941218644698,-1.13894123611137,-0.8954909491094227,-0.8540874248167979,-1.0455343346187709,-1.1369897639272428,-1.2362981885580946,-1.1809199955429535,-1.1700445464757905
National,Exterminating and Pest Control Services (561710),All Occupations (00-0000),154470.0,0.1,51220.0,0.6,34320.0,37580.0,45750.0,58370.0,74940.0,11.94776165543629,51220.0,34320.0,37580.0,45750.0,58370.0,74940.0,40620.0,2.1835664335664338,2025,-0.4240877526294789,-0.8996648610154667,-0.30402915140554204,-0.66317937846263,-0.7128234351929581,-0.8170669596836585,-0.9904905698114297,-1.0226579210224218,-1.1230436569653002
National,Landscaping Services (561730),All Occupations (00-0000),953760.0,0.0,50290.0,0.5,35270.0,37710.0,45570.0,55700.0,72860.0,13.768168394935001,50290.0,35270.0,37710.0,45570.0,55700.0,72860.0,37590.0,2.0657782818259145,2025,0.5875192096792958,-0.9398321947409523,-0.1786075648388709,-0.6517424908930255,-0.7218699551169229,-0.9026575295564411,-1.0365933513256824,-1.0952046813548288,-1.2493787949456627
National,Other Support Services (561900),All Occupations (00-0000),328520.0,0.0,57930.0,0.6,31600.0,36500.0,46120.0,64310.0,97120.0,12.702356041804201,57930.0,31600.0,36500.0,46120.0,64310.0,97120.0,65520.0,3.0734177215189873,2025,-0.004756776531740335,-0.609855388652017,-0.6631309571543268,-0.7581935213485753,-0.6942278109048085,-0.6266519840116254,-0.4988753323180999,-0.4264815737363041,-0.16862265974018742
National,Waste Management and Remediation Services (562000),All Occupations (00-0000),515180.0,0.0,62950.0,0.3,36990.0,45370.0,56180.0,71100.0,96630.0,13.15227357421025,62950.0,36990.0,45370.0,56180.0,71100.0,96630.0,59640.0,2.6123276561232767,2025,0.24526411076297255,-0.3930381678972455,0.04847151820815473,0.022154115131364456,-0.18862786404322587,-0.4089890741104292,-0.5097360837325152,-0.5672653858665199,-0.6631705083342225
National,Waste Collection (562100),All Occupations (00-0000),222030.0,0.0,57640.0,0.4,35890.0,43990.0,52040.0,63740.0,79940.0,12.310572290745348,57640.0,35890.0,43990.0,52040.0,63740.0,79940.0,44050.0,2.227361382000557,2025,-0.22247249999677296,-0.6223806862653405,-0.09675347676378027,-0.099252845222899,-0.3966978222944139,-0.6449241281417699,-0.8796665757867836,-0.9405340306131292,-1.0760708437280537
National,Waste Treatment and Disposal (562200),All Occupations (00-0000),106070.0,0.0,69700.0,0.8,40370.0,48220.0,60630.0,79670.0,105860.0,11.571863960191475,69700.0,40370.0,48220.0,60630.0,79670.0,105860.0,65490.0,2.6222442407728512,2025,-0.6329755343403891,-0.10150106827678569,0.4947083209401005,0.2728858810803868,0.03502221185479028,-0.13426578429404465,-0.3051549907630186,-0.4271998584920705,-0.6525343529019018
National,Remediation and Other Waste Management Services (562900),All Occupations (00-0000),187080.0,0.0,65420.0,0.6,37120.0,44830.0,55370.0,74550.0,104220.0,12.139296957132357,65420.0,37120.0,44830.0,55370.0,74550.0,104220.0,67100.0,2.8076508620689653,2025,-0.317650855578104,-0.28635718477686983,0.06563447215938341,-0.0253529563116082,-0.22933720370106703,-0.2983945175332382,-0.3415052608031025,-0.3886519099326067,-0.4536741896529036
National,Sector 61 - Educational Services (61--62),All Occupations (00-0000),13852050.0,0.0,69850.0,0.2,33960.0,44620.0,60890.0,81290.0,114450.0,16.443943866276477,69850.0,33960.0,44620.0,60890.0,81290.0,114450.0,80490.0,3.3701413427561837,2025,2.074457835895031,-0.0950224660629977,-0.3515573315781753,-0.0438279285394309,0.04808940730051706,-0.08233442729258106,-0.11475936902867673,-0.06805748060886706,0.149631927644926
National,Educational Services (611000),All Occupations (00-0000),13852050.0,0.0,69850.0,0.2,33960.0,44620.0,60890.0,81290.0,114450.0,16.443943866276477,69850.0,33960.0,44620.0,60890.0,81290.0,114450.0,80490.0,3.3701413427561837,2025,2.074457835895031,-0.0950224660629977,-0.3515573315781753,-0.0438279285394309,0.04808940730051706,-0.08233442729258106,-0.11475936902867673,-0.06805748060886706,0.149631927644926
National,"Educational Services, State Government Owned (611002)",All Occupations (00-0000),2098490.0,0.0,80660.0,0.2,36020.0,48390.0,65310.0,97590.0,134480.0,14.556729072968887,80660.0,36020.0,48390.0,65310.0,97590.0,134480.0,98460.0,3.733481399222654,2025,1.0257253834938767,0.3718688001439905,-0.07959052281255159,0.28784181097910044,0.2702317298778724,0.4401847820431328,0.3292015510340553,0.36219508809521067,0.5393367959970943
National,"Educational Services, Local Government Owned (611003)",All Occupations (00-0000),8408680.0,0.0,65740.0,0.2,32710.0,43750.0,60360.0,79350.0,104630.0,15.944775182550215,65740.0,32710.0,43750.0,60360.0,79350.0,104630.0,71920.0,3.1987159889941914,2025,1.7970678961263804,-0.2725361667207888,-0.5165857349553742,-0.12036709919755352,0.02145243196884323,-0.14452383012149425,-0.3324176932930816,-0.2732474925061373,-0.03423245430550183
National,"Educational Services, Privately Owned (611005)",All Occupations (00-0000),3344880.0,0.0,73400.0,0.2,34320.0,43730.0,60290.0,82780.0,126620.0,15.022941675425843,73400.0,34320.0,43730.0,60290.0,82780.0,126620.0,92300.0,3.6893939393939394,2025,1.284801503312803,0.05830445299665151,-0.30402915140554204,-0.12212662036210806,0.017934340887301402,-0.034570401408518865,0.15498623242731172,0.21470728491117513,0.4920502460482141
National,Elementary and Secondary Schools (611100),All Occupations (00-0000),8919090.0,0.0,64300.0,0.2,32570.0,42840.0,59760.0,78460.0,102920.0,16.003704593533843,64300.0,32570.0,42840.0,59760.0,78460.0,102920.0,70350.0,3.159963156278784,2025,1.8298151943769954,-0.3347307479731535,-0.5350689161336204,-0.2004253121847852,-0.008702634444372432,-0.17305402007908843,-0.37031949924951046,-0.3108377280579126,-0.07579728400939413
National,"Elementary and Secondary Schools, State Government Owned (611102)",All Occupations (00-0000),67050.0,0.0,69760.0,0.4,36570.0,46920.0,60380.0,84490.0,109380.0,11.11320880284171,69760.0,36570.0,46920.0,60380.0,84490.0,109380.0,72810.0,2.9909762100082036,2025,-0.8878519531134903,-0.0989096273912705,-0.0069780253265840884,0.15851700538434152,0.022457600849283752,0.020246030981914926,-0.22713489896966782,-0.2519383780850672,-0.25704632186682264
National,"Elementary and Secondary Schools, Local Government Owned (611103)",All Occupations (00-0000),7841180.0,0.0,64580.0,0.2,32270.0,43140.0,60120.0,78800.0,103360.0,15.874900018736966,64580.0,32270.0,43140.0,60120.0,78800.0,103360.0,71090.0,3.2029748992872635,2025,1.758238001316491,-0.3226373571740826,-0.5746757329441482,-0.17403249471646706,0.009390405403556965,-0.16215484638742325,-0.36056698777534163,-0.29312003741567455,-0.029664507431638416
National,"Elementary and Secondary Schools, Privately Owned (611105)",All Occupations (00-0000),1010860.0,0.0,61730.0,0.5,33900.0,40430.0,55670.0,74930.0,98680.0,13.826313000914313,61730.0,33900.0,40430.0,55670.0,74930.0,98680.0,64780.0,2.910914454277286,2025,0.6198303887982928,-0.4457307992360545,-0.35947869494028084,-0.4124476125136076,-0.21425967049445918,-0.28621308811314183,-0.46429824618241033,-0.4441992643785421,-0.342917547518597
National,Junior Colleges (611200),All Occupations (00-0000),656220.0,0.0,76230.0,0.2,35050.0,47430.0,64340.0,91980.0,130870.0,13.394252901435353,76230.0,35050.0,47430.0,64340.0,91980.0,130870.0,95820.0,3.733808844507846,2025,0.379732945031909,0.18053408143011834,-0.2076525638332579,0.20338479508048238,0.2214810391765071,0.26034841613065707,0.24918662734826086,0.2989860295877669,0.5396880014848662
National,"Junior Colleges, State Government Owned (611202)",All Occupations (00-0000),216770.0,0.0,65570.0,0.2,34320.0,46810.0,61980.0,78960.0,100460.0,12.28659677576281,65570.0,34320.0,46810.0,61980.0,78960.0,100460.0,66140.0,2.9271561771561774,2025,-0.23579578503797924,-0.27987858256308185,-0.30402915140554204,0.14883963897929153,0.10287111128452552,-0.15702582347369845,-0.42484490430963634,-0.41163702211713166,-0.32549728690135105
National,"Junior Colleges, Local Government Owned (611203)",All Occupations (00-0000),419260.0,0.0,81890.0,0.2,35270.0,47760.0,67310.0,101220.0,141770.0,12.946248916669825,81890.0,35270.0,47760.0,67310.0,101220.0,141770.0,106500.0,4.0195633683016725,2025,0.13077542345314266,0.42499333829705205,-0.1786075648388709,0.23241689429563234,0.37074861792192465,0.5565494893982642,0.4907829343219892,0.5546954026406077,0.8461775478318877
National,"Junior Colleges, Privately Owned (611205)",All Occupations (00-0000),20180.0,0.0,73060.0,1.3,36770.0,48200.0,62020.0,83370.0,121470.0,9.912496846693715,73060.0,36770.0,48200.0,62020.0,83370.0,121470.0,84700.0,3.303508294805548,2025,-1.5550921627938716,0.04361962131206539,0.01942651921376773,0.2711263599158323,0.10488144904540656,-0.015657129414158668,0.0408375185819263,0.03274181345035205,0.07816382849824528
National,"Colleges, Universities, and Professional Schools (611300)",All Occupations (00-0000),3216330.0,0.0,85740.0,0.2,36750.0,49170.0,67650.0,101270.0,144770.0,14.98375182687037,85740.0,36750.0,49170.0,67650.0,101270.0,144770.0,108020.0,3.9393197278911565,2025,1.263023555126641,0.5912774617842772,0.016786064759732548,0.3564631363967276,0.3878364888894135,0.5581523090588032,0.5572773307367769,0.5910884969327723,0.7601112395189625
National,"Colleges, Universities, and Professional Schools, State Government Owned (611302)",All Occupations (00-0000),1801470.0,0.0,83020.0,0.1,36220.0,48760.0,65990.0,100420.0,138320.0,14.404114111344352,83020.0,36220.0,48760.0,65990.0,100420.0,138320.0,102100.0,3.8188845941468803,2025,0.9409166677371006,0.47379880830758825,-0.05318597827219977,0.3203929525233595,0.30440747181285016,0.5309043748296403,0.4143143784449834,0.44934697179486804,0.6309370482744578
National,"Colleges, Universities, and Professional Schools, Local Government Owned (611303)",All Occupations (00-0000),79490.0,0.0,93700.0,0.3,40840.0,56750.0,79350.0,108230.0,167010.0,11.283399086686796,93700.0,40840.0,56750.0,79350.0,108230.0,167010.0,126170.0,4.089373163565132,2025,-0.79327656382307,0.9350752859292935,0.5567590006099272,1.0233216577628994,0.9758602839471189,0.781264805805832,1.0502224561584024,1.0256507741714485,0.9210529065727122
National,"Colleges, Universities, and Professional Schools, Privately Owned (611305)",All Occupations (00-0000),1335370.0,0.0,88950.0,0.3,37080.0,49740.0,72860.0,102030.0,160490.0,14.104719713830429,88950.0,37080.0,49740.0,72860.0,102030.0,160490.0,123410.0,4.328209277238403,2025,0.774542060112473,0.7299195491593403,0.060353563251313046,0.4066094895865321,0.6496829822441695,0.582515167898996,0.905707967950264,0.9595685766409391,1.1772195322455266
National,Business Schools and Computer and Management Training (611400),All Occupations (00-0000),82160.0,0.0,86800.0,1.4,38210.0,50330.0,73040.0,102640.0,155110.0,11.3164360159013,86800.0,38210.0,50330.0,73040.0,102640.0,155110.0,116900.0,4.059408531797959,2025,-0.7749178163621058,0.6370595840950457,0.20953923990430082,0.4585153639408911,0.6587295021681342,0.6020695677575718,0.7864613503797449,0.8037007846396288,0.8889139704157375
National,"Business Schools and Computer and Management Training, Privately Owned (611405)",All Occupations (00-0000),77710.0,0.1,87720.0,1.5,37940.0,50400.0,73970.0,103650.0,158070.0,11.260752096477201,87720.0,37940.0,50400.0,73970.0,103650.0,158070.0,120130.0,4.166315234580917,2025,-0.8058615825852357,0.6767950110062788,0.17389310477482586,0.464673688016832,0.7054698551086185,0.6344465249004596,0.8520691548423353,0.8810361100104785,1.0035780758247757
National,Technical and Trade Schools (611500),All Occupations (00-0000),153950.0,0.0,72850.0,0.7,37150.0,46720.0,61400.0,85970.0,124450.0,11.94438964894701,72850.0,37150.0,46720.0,61400.0,85970.0,124450.0,87300.0,3.3499327052489907,2025,-0.4259615894855467,0.0345495782127622,0.06959515384043619,0.1409217937387961,0.07372121375175038,0.06768949293386932,0.10688861902061535,0.0949931589501073,0.12795690371305704
National,"Technical and Trade Schools, State Government Owned (611502)",All Occupations (00-0000),10050.0,0.1,60480.0,1.7,33320.0,44890.0,58260.0,70610.0,87460.0,9.21542741102474,60480.0,33320.0,44890.0,58260.0,70610.0,87460.0,54140.0,2.6248499399759906,2025,-1.9424563045732883,-0.4997191510176211,-0.4360518741073011,-0.020074392817944573,-0.08409030047741159,-0.4246967067837114,-0.7129872887737161,-0.6989509244236944,-0.6497395780158068
National,"Technical and Trade Schools, Local Government Owned (611503)",All Occupations (00-0000),11210.0,0.0,67490.0,1.0,36210.0,47840.0,62270.0,77370.0,100450.0,9.324650718153594,67490.0,36210.0,47840.0,62270.0,77370.0,100450.0,64240.0,2.7740955537144436,2025,-1.881760496575805,-0.19695247422659548,-0.054506205499217364,0.2394549789538505,0.11744606005091308,-0.20799548867883863,-0.42506655229768564,-0.45712838998233746,-0.4896643503634721
National,"Technical and Trade Schools, Privately Owned (611505)",All Occupations (00-0000),132690.0,0.0,74240.0,0.8,37370.0,46740.0,61710.0,91550.0,127400.0,11.795778395865035,74240.0,37370.0,46740.0,61710.0,91550.0,127400.0,90030.0,3.409151725983409,2025,-0.5085454291479699,0.09458462539386428,0.09864015283482318,0.14268131490335065,0.08930133139857847,0.24656416705002168,0.1722747754951565,0.16035707172485034,0.1914729963335262
National,Other Schools and Instruction (611600),All Occupations (00-0000),558700.0,0.0,53530.0,0.7,29460.0,35590.0,45600.0,61640.0,87230.0,13.233369725314978,53530.0,29460.0,35590.0,45600.0,61640.0,87230.0,57770.0,2.9609640190088253,2025,0.290329550971449,-0.7998943869231315,-0.9456595837360912,-0.838251734335807,-0.720362201796262,-0.7122425538844079,-0.7180851924988497,-0.6120384689759591,-0.2892362682661186
National,"Other Schools and Instruction, Local Government Owned (611603)",All Occupations (00-0000),11550.0,0.1,55390.0,1.0,34030.0,42360.0,48060.0,61260.0,80800.0,9.35452729228868,55390.0,34030.0,42360.0,48060.0,61260.0,80800.0,46770.0,2.3743755509844253,2025,-1.8651579704758907,-0.7195597194721605,-0.34231574098905215,-0.24265382013409423,-0.5967264295020778,-0.7244239833045043,-0.8606048488145446,-0.8754095460903084,-0.9183889797273286
National,"Other Schools and Instruction, Privately Owned (611605)",All Occupations (00-0000),546510.0,0.0,53490.0,0.7,29410.0,35550.0,45460.0,61650.0,87350.0,13.211309714483995,53490.0,29410.0,35550.0,45460.0,61650.0,87350.0,57940.0,2.9700782046922813,2025,0.2780707188868273,-0.8016220141801417,-0.9522607198711792,-0.8417707766649161,-0.7273983839593456,-0.7119219899523002,-0.7154254166422582,-0.6079681886932828,-0.27946073576235175
National,Educational Support Services (611700),All Occupations (00-0000),265600.0,0.0,75300.0,1.1,35150.0,44000.0,60510.0,93170.0,132030.0,12.48975046163757,75300.0,35150.0,44000.0,60510.0,93170.0,132030.0,96880.0,3.7561877667140826,2025,-0.12290250762340038,0.14036674770463278,-0.194450291563082,-0.09837308464062172,0.028991198572147145,0.2984955240514853,0.2748977939619787,0.3243654242915132,0.5636907910948513
National,"Educational Support Services, Local Government Owned (611703)",All Occupations (00-0000),43850.0,0.0,69400.0,1.0,34060.0,42500.0,61030.0,86020.0,111260.0,10.688552802557403,69400.0,34060.0,42500.0,61030.0,86020.0,111260.0,77200.0,3.2665883734586023,2025,-1.123834910742013,-0.11445827270436168,-0.3383550593079994,-0.23033717198221243,0.055125589463600716,0.06929231259440832,-0.1854650772164009,-0.14682937549124966,0.03856491053690686
National,"Educational Support Services, Privately Owned (611705)",All Occupations (00-0000),221570.0,0.0,76490.0,1.3,35370.0,44000.0,60450.0,94590.0,135830.0,12.308498358865515,76490.0,35370.0,44000.0,60450.0,94590.0,135830.0,100460.0,3.84026010743568,2025,-0.22362499184569404,0.1917636586006842,-0.165405292568695,-0.09837308464062172,0.02597569193082558,0.3440156024107929,0.3591240294207097,0.4100807384796378,0.6538636192481718
National,Sector 62 - Health Care and Social Assistance (62--63),All Occupations (00-0000),24031380.0,0.0,71770.0,0.2,33290.0,37940.0,49200.0,82410.0,127200.0,16.994871075890703,71770.0,33290.0,37940.0,49200.0,82410.0,127200.0,93910.0,3.820967257434665,2025,2.3806101857399717,-0.012096357726511365,-0.4400125557883539,-0.6315079975006482,-0.539431803316968,-0.046431266896507464,0.16784181573417067,0.25325523347063894,0.6331708345249507
National,Ambulatory Health Care Services (621000),All Occupations (00-0000),8947200.0,0.0,82260.0,0.4,35050.0,40080.0,55990.0,93500.0,148950.0,16.006851303908324,82260.0,35050.0,40080.0,55990.0,93500.0,148950.0,113900.0,4.249643366619115,2025,1.8315638333235145,0.4409738904243958,-0.2076525638332579,-0.44323923289331213,-0.19817696840741084,0.30907413381104265,0.6499261897413809,0.7318723090629881,1.0929526937564893
National,Offices of Physicians (621100),All Occupations (00-0000),2936460.0,0.0,106660.0,0.8,37440.0,45020.0,60300.0,118430.0,235370.0,14.89271567273954,106660.0,37440.0,45020.0,60300.0,118430.0,235370.0,197930.0,6.286591880341881,2025,1.2124344173573962,1.4948265172005764,0.10788174342394632,-0.008637505248340043,0.018436925327521662,1.108240016555788,2.565408102463363,2.7437879099646936,3.2777069983062534
National,Offices of Dentists (621200),All Occupations (00-0000),1054930.0,0.0,79690.0,0.8,37900.0,46480.0,58300.0,93140.0,131990.0,13.868985919909843,79690.0,37900.0,46480.0,58300.0,93140.0,131990.0,94090.0,3.482585751978892,2025,0.643543892501209,0.32997383916149475,0.1686121958667555,0.11980753976414159,-0.08207996271653054,0.2975338322551619,0.2740112020097816,0.2575649420052374,0.27023556854053593
National,Offices of Other Health Practitioners (621300),All Occupations (00-0000),1305160.0,0.0,71550.0,0.4,35100.0,41990.0,58640.0,91580.0,123740.0,14.081836962776785,71550.0,35100.0,41990.0,58640.0,91580.0,123740.0,88640.0,3.5253561253561254,2025,0.7618260281508364,-0.02159830764006709,-0.20105142769816994,-0.2752049616783533,-0.06499209174904166,0.2475258588463451,0.0911516118691156,0.1270765447076735,0.3161094611370326
National,Offices of Chiropractors (621310),All Occupations (00-0000),147350.0,0.0,57710.0,0.9,31830.0,36670.0,45110.0,65380.0,100280.0,11.900572774705418,57710.0,31830.0,36670.0,45110.0,65380.0,100280.0,68450.0,3.150486961985548,2025,-0.4503107934780606,-0.6193573385655727,-0.6327657309329222,-0.7432375914498617,-0.7449888393670548,-0.5923516432760908,-0.4288345680945236,-0.35632909592311834,-0.08596109332191315
National,Offices of Optometrists (621320),All Occupations (00-0000),155780.0,0.1,61480.0,1.0,33870.0,37130.0,45300.0,59990.0,128500.0,11.956206453762618,61480.0,33870.0,37130.0,45300.0,59990.0,128500.0,94630.0,3.793917921464423,2025,-0.41939494601827076,-0.4565284695923678,-0.36343937662133363,-0.7027686046651072,-0.7354397350028699,-0.7651356026821949,0.19665605418057863,0.2704940676090327,0.604158734907276
National,Offices of Mental Health Practitioners (except Physicians) (621330),All Occupations (00-0000),289980.0,0.0,74950.0,1.0,37960.0,45770.0,59560.0,91390.0,128620.0,12.57757068257493,74950.0,37960.0,45770.0,59560.0,91390.0,128620.0,90660.0,3.3883034773445733,2025,-0.07410047618498027,0.12525000920579413,0.17653355922886105,0.057344538422455314,-0.01875432324877765,0.24143514413629688,0.19931583003717013,0.1754410515959449,0.16911194957698586
National,"Offices of Physical, Occupational and Speech Therapists, and Audiologists (621340)",All Occupations (00-0000),509960.0,0.0,75210.0,0.6,35660.0,45760.0,72960.0,97870.0,121110.0,13.14208953118825,75210.0,35660.0,45760.0,72960.0,97870.0,121110.0,85450.0,3.3962422882781826,2025,0.23960479924650066,0.13647958637635998,-0.12711870298518485,0.05646477784017804,0.6547088266463721,0.4491605721421512,0.03285819101215179,0.05069893234451222,0.17762681936547697
National,Offices of All Other Health Practitioners (621390),All Occupations (00-0000),202090.0,0.1,75260.0,1.6,34630.0,41390.0,56660.0,93310.0,132230.0,12.216473369990418,75260.0,34630.0,41390.0,56660.0,93310.0,132230.0,97600.0,3.818365578977765,2025,-0.2747636288505601,0.13863912044762267,-0.2631021073679967,-0.3279905966149896,-0.16450381091265334,0.30298341910099447,0.27933075372296456,0.341604258429907,0.6303803721399299
National,Outpatient Care Centers (621400),All Occupations (00-0000),1182730.0,0.0,87320.0,0.4,38680.0,47600.0,66810.0,100490.0,162870.0,13.983336729107334,87320.0,38680.0,47600.0,66810.0,100490.0,162870.0,124190.0,4.2107032057911065,2025,0.7070890729380156,0.6595187384361775,0.2715899195741276,0.218340724979196,0.34561939591091156,0.5331483223543948,0.9584601891059955,0.9782439802908657,1.0511869429700993
National,Outpatient Mental Health and Substance Abuse Centers (621420),All Occupations (00-0000),326260.0,0.0,67240.0,0.7,36490.0,43930.0,55090.0,75680.0,105760.0,12.695452953525749,67240.0,36490.0,43930.0,55090.0,75680.0,105760.0,69270.0,2.898328309125788,2025,-0.008592848994226137,-0.2077501445829088,-0.017539843142724817,-0.10453140871656263,-0.24340956802723432,-0.2621707932050568,-0.30737147064351156,-0.3366959792655032,-0.3564169730623327
National,Medical and Diagnostic Laboratories (621500),All Occupations (00-0000),309310.0,0.0,78200.0,1.0,38090.0,45060.0,58350.0,85890.0,129710.0,12.642102522217945,78200.0,38090.0,45060.0,58350.0,85890.0,129710.0,91620.0,3.4053557364137568,2025,-0.03823988697872183,0.26561972383786736,0.19369651318008974,-0.005118462919230958,-0.07956704051542923,0.06512498147700692,0.22347546073454297,0.1984261637804699,0.18740156080314715
National,Home Health Care Services (621600),All Occupations (00-0000),1789480.0,0.0,52560.0,0.6,25960.0,33350.0,39510.0,62220.0,96760.0,14.397436191640931,52560.0,25960.0,33350.0,39510.0,62220.0,96760.0,70800.0,3.727272727272727,2025,0.9372057223098278,-0.8417893479056272,-1.407739113192248,-1.035318104765916,-1.026436125890401,-0.6936498458221555,-0.5068546598878744,-0.3000634567214165,0.532677608159622
National,Other Ambulatory Health Care Services (621900),All Occupations (00-0000),369130.0,0.0,64440.0,0.6,35320.0,39480.0,49530.0,74210.0,103750.0,12.8189068735704,64440.0,35320.0,39480.0,49530.0,74210.0,103750.0,68430.0,2.9374292185730466,2025,0.06001096483029897,-0.32868405257361805,-0.17200642870378294,-0.4960248678299484,-0.5228465167896994,-0.3092936912249034,-0.35192271624141924,-0.3568079524269626,-0.31447880935755496
National,Ambulance Services (621910),All Occupations (00-0000),177760.0,0.0,54710.0,0.7,34320.0,38480.0,46710.0,61170.0,82930.0,12.08819523042019,54710.0,34320.0,38480.0,46710.0,61170.0,82930.0,48610.0,2.4163752913752914,2025,-0.3460482798494862,-0.7489293828413327,-0.30402915140554204,-0.5840009260576755,-0.664575328931813,-0.7273090586934745,-0.8133938273600454,-0.8313547477366354,-0.8733416390651846
National,All Other Ambulatory Health Care Services (621990),All Occupations (00-0000),191370.0,0.0,73480.0,1.0,35960.0,42200.0,57930.0,83340.0,128590.0,12.161969231369895,73480.0,35960.0,42200.0,57930.0,83340.0,128590.0,92630.0,3.5759176863181312,2025,-0.30505178638525837,0.06175970751067178,-0.08751188617465713,-0.2567299894505306,-0.1006755870046802,-0.016618821210482068,0.19865088607302225,0.22260841722460561,0.3703398882746387
National,Hospitals (622000),All Occupations (00-0000),6712760.0,0.0,89180.0,0.1,38770.0,48600.0,78500.0,104570.0,139520.0,15.719520899724909,89180.0,38770.0,48600.0,78500.0,104570.0,139520.0,100750.0,3.598658756770699,2025,1.6718932327658735,0.7398534058871485,0.2834719646172859,0.3063167832069231,0.9331406065283967,0.6639384066543772,0.4409121370108985,0.4170241577853797,0.394731104462285
National,"Hospitals, State Government Owned (622002)",All Occupations (00-0000),445500.0,0.0,91150.0,0.2,39720.0,50460.0,77860.0,108520.0,166120.0,13.006954770559393,91150.0,39720.0,50460.0,77860.0,108520.0,166120.0,126400.0,4.182275931520644,2025,0.16450989779622074,0.8249390482948976,0.40889355118395704,0.46995225151049563,0.9009752023543001,0.7905611598369582,1.0304957852220153,1.0311576239656577,1.020696918597563
National,"Hospitals, Local Government Owned (622003)",All Occupations (00-0000),696410.0,0.0,85690.0,0.3,37420.0,47130.0,70250.0,101480.0,137930.0,13.453695282271239,85690.0,37420.0,47130.0,70250.0,101480.0,137930.0,100510.0,3.6859967931587385,2025,0.4127653025842387,0.5891179277130145,0.10524128896991114,0.17699197761216423,0.5185084433466813,0.564884151633067,0.40567010691106103,0.41127787973924845,0.4884065948658012
National,"Hospitals, Privately Owned (622005)",All Occupations (00-0000),5570850.0,0.0,89460.0,0.1,38880.0,48670.0,78980.0,104690.0,138460.0,15.53305838299818,89460.0,38880.0,48670.0,78980.0,104690.0,138460.0,99580.0,3.5612139917695473,2025,1.5682753016532265,0.7519467966862196,0.2979944641144794,0.31247510728286404,0.9572646596589692,0.6677851738396708,0.4174174502776735,0.3890110523104899,0.3545692589526962
National,General Medical and Surgical Hospitals (622100),All Occupations (00-0000),6151560.0,0.0,89620.0,0.1,38820.0,48730.0,78790.0,104730.0,140010.0,15.632216428713777,89620.0,38820.0,48730.0,78790.0,104730.0,140010.0,101190.0,3.606646058732612,2025,1.6233778055268677,0.75885730571426,0.29007310075237386,0.31775367077652766,0.9477155552947842,0.669067429568102,0.4517728884253138,0.4275590008699537,0.4032979839025199
National,"General Medical and Surgical Hospitals, State Government Owned (622102)",All Occupations (00-0000),294460.0,0.0,94830.0,0.2,41440.0,55570.0,81050.0,116470.0,168890.0,12.592901845460634,94830.0,41440.0,55570.0,81050.0,116470.0,168890.0,127450.0,4.075530888030888,2025,-0.06558089054570741,0.9838807559398297,0.6359726342309827,0.9195099090541813,1.0612996387845632,1.045409485862659,1.0918922779116693,1.0562975904174818,0.9062062028615153
National,"General Medical and Surgical Hospitals, Local Government Owned (622103)",All Occupations (00-0000),692450.0,0.0,85750.0,0.3,37420.0,47140.0,70310.0,101550.0,138010.0,13.447992756417413,85750.0,37420.0,47140.0,70310.0,101550.0,138010.0,100590.0,3.688134687332977,2025,0.40959638723619707,0.5917093685985297,0.10524128896991114,0.1778717381944415,0.5215239499880029,0.5671280991578216,0.4074432908154554,0.41319330575462554,0.4906996196861993
National,"General Medical and Surgical Hospitals, Privately Owned (622105)",All Occupations (00-0000),5164650.0,0.0,89840.0,0.1,38940.0,48790.0,79150.0,104800.0,138920.0,15.457348088068978,89840.0,38940.0,48790.0,79150.0,104800.0,138920.0,99980.0,3.5675398048279403,2025,1.5262028022458018,0.7683592556278158,0.30591582747658497,0.3230322342701913,0.9658085951427137,0.6713113770928566,0.42761325772794095,0.3985881823873753,0.3613540879338877
National,Psychiatric and Substance Abuse Hospitals (622200),All Occupations (00-0000),248170.0,0.0,72860.0,0.2,36860.0,44470.0,59700.0,85100.0,120960.0,12.421873303669122,72860.0,36860.0,44470.0,59700.0,85100.0,120960.0,84100.0,3.281606077048291,2025,-0.16062210297137366,0.03498148502701473,0.03130856425692605,-0.05702433727358997,-0.011718141085693998,0.03980043084049072,0.02953347119141241,0.018376118335023908,0.05467233413695671
National,"Psychiatric and Substance Abuse Hospitals, State Government Owned (622202)",All Occupations (00-0000),111630.0,0.0,75660.0,0.2,37710.0,46130.0,60450.0,87390.0,128840.0,11.622954068134021,75660.0,37710.0,46130.0,60450.0,87390.0,128840.0,91130.0,3.4166003712543094,2025,-0.604584566663562,0.15591539301772397,0.14352787855342128,0.08901591938443708,0.02597569193082558,0.11320957129317691,0.20419208577425457,0.18669417943628525,0.19946213288215806
National,"Psychiatric and Substance Abuse Hospitals, Privately Owned (622205)",All Occupations (00-0000),133310.0,0.0,70640.0,0.2,36120.0,42310.0,58900.0,83600.0,109480.0,11.800440023392317,70640.0,36120.0,42310.0,58900.0,83600.0,109480.0,73360.0,3.0310077519379846,2025,-0.5059549449666229,-0.060901827737047595,-0.06638825054237568,-0.2470526230454806,-0.05192489630331488,-0.008284158975679268,-0.2249184190891749,-0.23876982422934975,-0.21410999679053908
National,Specialty (except Psychiatric and Substance Abuse) Hospitals (622300),All Occupations (00-0000),313020.0,0.0,93550.0,0.2,40230.0,51000.0,81850.0,108240.0,145020.0,12.654025559923436,93550.0,40230.0,51000.0,81850.0,108240.0,145020.0,104790.0,3.604772557792692,2025,-0.03161420948970823,0.9285966837155055,0.47622513976185415,0.5174593229534683,1.101506394002184,0.7815853697379398,0.5628185304380091,0.5137531715619226,0.401288537313422
National,"Specialty (except Psychiatric and Substance Abuse) Hospitals, State Government Owned (622302)",All Occupations (00-0000),39410.0,0.0,107560.0,0.2,42340.0,51060.0,83860.0,132860.0,171800.0,10.581800244137618,107560.0,42340.0,51060.0,83860.0,132860.0,171800.0,129460.0,4.057628719886632,2025,-1.1831577142663874,1.5336981304833042,0.7547930846625659,0.5227378864471319,1.2025258664864567,1.5708137705873433,1.1563918424340134,1.104422669053831,0.8870050111522296
National,"Specialty (except Psychiatric and Substance Abuse) Hospitals, Privately Owned (622305)",All Occupations (00-0000),272890.0,0.0,91500.0,0.2,39970.0,51000.0,81470.0,106760.0,139940.0,12.516827727039379,91500.0,39970.0,51000.0,81470.0,106760.0,139940.0,99970.0,3.5011258443832873,2025,-0.10785556805411732,0.8400557867937363,0.44189923185939683,0.5174593229534683,1.0824081852738143,0.7341419077859854,0.4502213525089688,0.3983487541354532,0.29012097379961377
National,Nursing and Residential Care Facilities (623000),All Occupations (00-0000),3395180.0,0.0,50770.0,0.2,30930.0,36140.0,43140.0,58330.0,81010.0,15.037867631250421,50770.0,30930.0,36140.0,43140.0,58330.0,81010.0,50080.0,2.619139993533786,2025,1.2930959138440532,-0.9191006676568306,-0.7515861813645054,-0.7898649023105571,-0.8439979740904462,-0.8183492154120897,-0.8559502410655094,-0.7961587947040815,-0.6558638516458536
National,Nursing Care Facilities (Skilled Nursing Facilities) (623100),All Occupations (00-0000),1531750.0,0.0,54790.0,0.2,31200.0,36960.0,45960.0,66230.0,91730.0,14.241922083435737,54790.0,31200.0,36960.0,45960.0,66230.0,91730.0,60530.0,2.9400641025641026,2025,0.8507859397501697,-0.7454741283273124,-0.7159400462350304,-0.7177245345638208,-0.7022691619483327,-0.5651037090469277,-0.6183435978766684,-0.5459562714454498,-0.31165273196646376
National,"Residential Intellectual and Developmental Disability, Mental Health, and Substance Abuse Facilities (623200)",All Occupations (00-0000),687210.0,0.0,48770.0,0.3,31460.0,36320.0,41490.0,51130.0,74880.0,13.440396656508938,48770.0,31460.0,36320.0,41490.0,51130.0,74880.0,43420.0,2.3801652892561984,2025,0.4053752055699926,-1.0054820305073373,-0.681614138332573,-0.7740292118295662,-0.9269244067267893,-1.0491552465297056,-0.9918204577397255,-0.9556180104842238,-0.9121791243842718
National,Residential Intellectual and Developmental Disability Facilities (623210),All Occupations (00-0000),417800.0,0.0,44070.0,0.4,30750.0,35730.0,38550.0,46170.0,61690.0,12.942760521591445,44070.0,30750.0,35730.0,38550.0,46170.0,61690.0,30940.0,2.006178861788618,2025,0.12883690901458136,-1.2084782332060278,-0.775350271450822,-0.8259350861839252,-1.074684232151546,-1.2081549568551744,-1.2841741539767417,-1.254424468883049,-1.313302889540071
National,Residential Mental Health and Substance Abuse Facilities (623220),All Occupations (00-0000),269420.0,0.0,56060.0,0.4,33860.0,37810.0,46710.0,62610.0,86650.0,12.504030490922606,56060.0,33860.0,37810.0,46710.0,62610.0,86650.0,52790.0,2.559066745422327,2025,-0.11496704093165785,-0.6906219629172408,-0.3647596038483512,-0.6429448850702527,-0.664575328931813,-0.6811478524699514,-0.7309407758057087,-0.7312737384331828,-0.7202961563975969
National,Continuing Care Retirement Communities and Assisted Living Facilities for the Elderly (623300),All Occupations (00-0000),1013180.0,0.0,46250.0,0.4,30370.0,35130.0,38690.0,47670.0,73150.0,13.828605444466398,46250.0,30370.0,35130.0,38690.0,47670.0,73150.0,42780.0,2.408626934474811,2025,0.6211043084161838,-1.1143225476989755,-0.8255189060774905,-0.8787207211205614,-1.0676480499884624,-1.1600703670390045,-1.030165559672253,-0.9709414186072405,-0.8816522350264809
National,Other Residential Care Facilities (623900),All Occupations (00-0000),163040.0,0.0,49570.0,0.7,30800.0,36350.0,43420.0,54350.0,75720.0,12.001756981901922,49570.0,30800.0,36350.0,43420.0,54350.0,75720.0,44920.0,2.4584415584415584,2025,-0.3940823439482246,-0.9709294853671346,-0.7687491353157341,-0.7713899300827344,-0.829925609764279,-0.9459336603909941,-0.9732020267435849,-0.9197037726959035,-0.8282229443950868
National,Social Assistance (624000),All Occupations (00-0000),4976250.0,0.0,43750.0,0.3,28600.0,34320.0,37380.0,46650.0,62660.0,15.420187354251178,43750.0,28600.0,34320.0,37380.0,46650.0,62660.0,34060.0,2.190909090909091,2025,1.5055524408518746,-1.222299251262109,-1.059199125259604,-0.9499813282850205,-1.1334866116573166,-1.192767888114,-1.2626742991359603,-1.1797228542833427,-1.115168199079089
National,Individual and Family Services (624100),All Occupations (00-0000),3456820.0,0.0,43400.0,0.5,28820.0,34320.0,37120.0,45930.0,61840.0,15.055859938564051,43400.0,28820.0,34320.0,37120.0,45930.0,61840.0,33020.0,2.145732130464955,2025,1.30309430758296,-1.2374159897609476,-1.030154126265217,-0.9499813282850205,-1.1465538071030434,-1.2158484912257617,-1.2808494341560024,-1.2046233924832448,-1.163623306378985
National,Services for the Elderly and Persons with Disabilities (624120),All Occupations (00-0000),2690690.0,0.0,39030.0,0.6,28470.0,34320.0,35630.0,40860.0,48420.0,14.805308595914111,39030.0,28470.0,34320.0,35630.0,41130.9,53243.1,19950.0,1.7007376185458378,2025,1.1638619716763776,-1.4261592675893044,-1.0763620792108326,-0.9499813282850205,-1.2214388886958623,-1.3696903278836159,-1.4713979930020982,-1.5175561177454762,-1.6409076701548249
National,"Community Food and Housing, and Emergency and Other Relief Services (624200)",All Occupations (00-0000),231040.0,0.0,57480.0,0.6,33740.0,38830.0,48250.0,63220.0,90500.0,12.350350462932079,57480.0,33740.0,38830.0,48250.0,63220.0,90500.0,56760.0,2.682276229994072,2025,-0.20036761812674925,-0.6292911952933811,-0.3806023305725623,-0.5532093056779711,-0.5871773251378929,-0.6615934526113756,-0.6456063004067313,-0.6362207224200949,-0.5881463008828324
National,Vocational Rehabilitation Services (624300),All Occupations (00-0000),283400.0,0.0,46100.0,0.6,27770.0,34200.0,39180.0,49300.0,70310.0,12.554618134814001,46100.0,27770.0,34200.0,39180.0,49300.0,70310.0,42540.0,2.5318689232985236,2025,-0.08685529444283485,-1.1208011499127635,-1.168777985102064,-0.9605384552723477,-1.0430214124176695,-1.107818446105433,-1.093113588278252,-0.9766876966533717,-0.7494675166745242
National,Child Care Services (624400),All Occupations (00-0000),1004990.0,0.0,41140.0,0.6,27700.0,30690.0,36580.0,45330.0,58830.0,13.820489144211335,41140.0,27700.0,30690.0,36580.0,45330.0,58830.0,31130.0,2.123826714801444,2025,0.6165940494350118,-1.3350269297820199,-1.1780195756911873,-1.26933441965167,-1.1736933668749374,-1.2350823271522295,-1.3475654785588393,-1.2498753320965286,-1.1871182306941515
National,"Sector 71 - Arts, Entertainment, and Recreation (71--72)",All Occupations (00-0000),2765320.0,0.0,52170.0,0.4,27010.0,31790.0,38640.0,57040.0,83650.0,14.832667280232732,52170.0,27010.0,31790.0,38640.0,57040.0,83650.0,56640.0,3.097001110699741,2025,1.1790652968101583,-0.858633713661476,-1.269115254355401,-1.1725607556011701,-1.0701609721895637,-0.8597019626539959,-0.7974351722204963,-0.6390938614431605,-0.14332800418978373
National,"Performing Arts, Spectator Sports, and Related Industries (711000)",All Occupations (00-0000),603790.0,0.0,74120.0,1.2,30780.0,36830.0,49990.0,78060.0,128040.0,13.310983390545905,74120.0,30780.0,36830.0,49990.0,78060.0,128040.0,97260.0,4.159844054580897,2025,0.33345976050886783,0.08940174362283389,-0.7713895897697692,-0.7291614221334254,-0.4997276325395674,-0.18587657736340044,0.1864602467303112,0.3334636978645544,0.9966373317336437
National,Performing Arts Companies (711100),All Occupations (00-0000),141340.0,0.0,76250.0,1.6,32720.0,39870.0,57220.0,85770.0,135430.0,11.858930689357782,76250.0,32720.0,39870.0,57220.0,85770.0,135430.0,102710.0,4.139058679706602,2025,-0.4734514589945621,0.18139789505862342,-0.5152655077283566,-0.4617142051211348,-0.13635908226031873,0.06127821429171332,0.350258109898738,0.4639520951621183,0.9743437210103647
National,Theater Companies and Dinner Theaters (711110),All Occupations (00-0000),74640.0,0.0,66360.0,2.3,31340.0,37930.0,50860.0,75910.0,120480.0,11.220445233073493,66360.0,31340.0,37930.0,50860.0,75910.0,120480.0,89140.0,3.844288449266114,2025,-0.8282602601792599,-0.2457579442371317,-0.6974568650567842,-0.6323877580829255,-0.45600278624040474,-0.2547978227665774,0.01889436776504639,0.13904795730378028,0.6581842670676659
National,Spectator Sports (711200),All Occupations (00-0000),170410.0,0.0,79650.0,2.8,28080.0,34470.0,46700.0,77400.0,127100.0,12.045968445284444,79650.0,28080.0,34470.0,46700.0,77400.0,127100.0,99020.0,4.5263532763532766,2025,-0.3695138652664027,0.32824621190448466,-1.1278509410645188,-0.9367849195508614,-0.6650779133720334,-0.20703379688251522,0.16562533585367775,0.3756030702028503,1.3897413275047281
National,"Promoters of Performing Arts, Sports, and Similar Events (711300)",All Occupations (00-0000),194390.0,0.0,59910.0,1.3,30460.0,35740.0,45020.0,63540.0,99580.0,12.177626873640472,59910.0,30460.0,35740.0,45020.0,63540.0,99580.0,69120.0,3.2692055154300723,2025,-0.29635077490767076,-0.5243378394300156,-0.8136368610343321,-0.825055325601648,-0.7495120993290372,-0.651335406783926,-0.44434992725797406,-0.34028740304433525,0.04137195850560439
National,"Agents and Managers for Artists, Athletes, Entertainers, and Other Public Figures (711400)",All Occupations (00-0000),30080.0,0.1,115080.0,4.1,42970.0,51790.0,75810.0,124950.0,212190.0,10.311649022192036,115080.0,42970.0,51790.0,75810.0,124950.0,212190.0,169220.0,4.938096346288108,2025,-1.3332817777883832,1.8584920548012092,0.8379673999646741,0.5869604089533728,0.7979453921091465,1.3172477002900735,2.051628066165104,2.0563893986962425,1.831361446201106
National,"Independent Artists, Writers, and Performers (711500)",All Occupations (00-0000),67580.0,0.0,78370.0,5.8,35210.0,45180.0,60230.0,89720.0,146420.0,11.121082157436103,78370.0,35210.0,45180.0,60230.0,89720.0,146420.0,111210.0,4.158477705197387,2025,-0.883476699961765,0.2729621396801604,-0.18652892820097644,0.0054386640680963,0.014918834245979836,0.1879009674742943,0.5938492487649101,0.6674661092959336,0.9951718368146356
National,"Museums, Historical Sites, and Similar Institutions (712000)",All Occupations (00-0000),181800.0,0.0,55990.0,0.4,29860.0,35150.0,44830.0,62250.0,92230.0,12.110667961260443,55990.0,29860.0,35150.0,44830.0,62250.0,92230.0,62370.0,3.0887474882786337,2025,-0.3335600976829276,-0.6936453106170084,-0.8928504946553876,-0.876961199956007,-0.7590612036932222,-0.6926881540258322,-0.6072611984742037,-0.5019014730917768,-0.1521805289301793
National,"Museums, Historical Sites, and Similar Institutions (712100)",All Occupations (00-0000),181800.0,0.0,55990.0,0.4,29860.0,35150.0,44830.0,62250.0,92230.0,12.110667961260443,55990.0,29860.0,35150.0,44830.0,62250.0,92230.0,62370.0,3.0887474882786337,2025,-0.3335600976829276,-0.6936453106170084,-0.8928504946553876,-0.876961199956007,-0.7590612036932222,-0.6926881540258322,-0.6072611984742037,-0.5019014730917768,-0.1521805289301793
National,"Amusement, Gambling, and Recreation Industries (713000)",All Occupations (00-0000),1979740.0,0.0,45120.0,0.3,25820.0,30680.0,36910.0,48800.0,74110.0,14.498476586033787,45120.0,25820.0,30680.0,36910.0,48800.0,74110.0,48290.0,2.870255615801704,2025,0.9933542545166376,-1.1631280177095118,-1.4262222943704943,-1.2702141802339473,-1.1571080803476688,-1.1238466427108231,-1.008887352819521,-0.8390164517981438,-0.3865266872583023
National,Amusement Parks and Arcades (713100),All Occupations (00-0000),244530.0,0.0,41730.0,0.3,27870.0,30940.0,36540.0,43800.0,61860.0,12.407097369226024,41730.0,27870.0,30940.0,36540.0,43800.0,61860.0,33990.0,2.2195909580193756,2025,-0.16883314604923624,-1.3095444277411206,-1.1555757128318882,-1.2473404050947383,-1.1757037046358185,-1.284128608764723,-1.2804061381799037,-1.1813988520467977,-1.0844051080094994
National,Gambling Industries (713200),All Occupations (00-0000),234880.0,0.0,49670.0,0.4,27290.0,33850.0,38940.0,55730.0,79570.0,12.366834281892412,49670.0,27290.0,33850.0,38940.0,55730.0,79570.0,52280.0,2.915720043972151,2025,-0.19120749711428667,-0.9666104172246093,-1.2321488919989085,-0.9913300756520522,-1.055083438982956,-0.9016958377601177,-0.8878675513446075,-0.7434845792812117,-0.33776325289552456
National,Other Amusement and Recreation Industries (713900),All Occupations (00-0000),1500330.0,0.0,44960.0,0.4,25070.0,30130.0,36740.0,49140.0,74220.0,14.221196308395797,44960.0,25070.0,30130.0,36740.0,49140.0,74220.0,49150.0,2.960510570402872,2025,0.8392685475791087,-1.1700385267375524,-1.5252393363968135,-1.3186010122591971,-1.1656520158314132,-1.1129474690191579,-1.0064492249509787,-0.8184256221328401,-0.2897226201729414
National,Fitness and Recreational Sports Centers (713940),All Occupations (00-0000),662840.0,0.0,45570.0,0.7,25760.0,30340.0,36790.0,51160.0,76310.0,13.4042904214023,45570.0,25760.0,30340.0,36790.0,51160.0,76310.0,50550.0,2.9623447204968945,2025,0.3853108331283201,-1.1436922110681478,-1.4341436577325999,-1.3001260400313746,-1.163139093630312,-1.0481935547333823,-0.9601247954486767,-0.7849056668637411,-0.287755379819977
National,Sector 72 - Accommodation and Food Services (72--73),All Occupations (00-0000),14276590.0,0.0,39060.0,0.3,23200.0,28880.0,35270.0,43750.0,59080.0,16.47413176088605,39060.0,23200.0,28880.0,35270.0,43750.0,59080.0,35880.0,2.546551724137931,2025,2.0912333639689913,-1.4248635471465467,-1.772121827849103,-1.4285710850438562,-1.2395319285437916,-1.2857314284252621,-1.342024278857607,-1.1361469124335142,-0.7337192971585998
National,Accommodation (721000),All Occupations (00-0000),2007720.0,0.0,45770.0,0.2,27710.0,31570.0,37540.0,49260.0,73900.0,14.512510805917007,45770.0,27710.0,31570.0,37540.0,49260.0,73900.0,46190.0,2.6669072536990255,2025,1.0011531239870652,-1.135054074783097,-1.1766993484641697,-1.1919154884112702,-1.1254452606137924,-1.1091007018338643,-1.013541960568556,-0.8892963847017923,-0.6046304863646538
National,Traveler Accommodation (721100),All Occupations (00-0000),1929500.0,0.0,45800.0,0.2,27740.0,31630.0,37540.0,49280.0,74050.0,14.472771978228657,45800.0,27740.0,31630.0,37540.0,49280.0,74050.0,46310.0,2.669430425378515,2025,0.9790701060047251,-1.1337583543403396,-1.1727386667831168,-1.1866369249176065,-1.1254452606137924,-1.1084595739696486,-1.0102172407478167,-0.8864232456787267,-0.6019242273940686
National,Casino Hotels (721120),All Occupations (00-0000),344760.0,0.0,48350.0,0.1,26480.0,34110.0,41550.0,54760.0,75510.0,12.75060670232564,48350.0,26480.0,34110.0,41550.0,54760.0,75510.0,49030.0,2.851586102719033,2025,0.022056299392669062,-1.0236221167059436,-1.3390872973873333,-0.9684563005128431,-0.9239089000854678,-0.9327905391745743,-0.9778566344926201,-0.8212987611559057,-0.4065509042654707
National,RV (Recreational Vehicle) Parks and Recreational Camps (721200),All Occupations (00-0000),68590.0,0.0,45520.0,0.7,26890.0,31140.0,37350.0,49000.0,71880.0,11.135916609771838,45520.0,26890.0,31140.0,37350.0,49000.0,71880.0,44990.0,2.6731126812941612,2025,-0.8752331382679646,-1.1458517451394106,-1.2849579810796121,-1.2297451934491928,-1.1349943649779775,-1.117435364068667,-1.058314854154513,-0.9180277749324486,-0.597974778300012
National,"Rooming and Boarding Houses, Dormitories, and Workers' Camps (721300)",All Occupations (00-0000),9620.0,0.2,41800.0,1.2,26170.0,29860.0,36550.0,47720.0,62620.0,9.171703488361265,41800.0,26170.0,29860.0,36550.0,47720.0,62620.0,36450.0,2.392816201757738,2025,-1.9667538550196249,-1.3065210800413527,-1.3800143414248787,-1.3423545479806835,-1.1752011201955983,-1.1584675473784654,-1.2635608910881575,-1.1224995020739523,-0.8986102318187416
National,Food Services and Drinking Places (722000),All Occupations (00-0000),12268870.0,0.0,37970.0,0.3,22900.0,28600.0,34930.0,42750.0,56850.0,16.3225757994137,37987.2,23029.0,28643.0,34938.6,42750.0,56850.0,33950.0,2.482532751091703,2025,2.0070131386324004,-1.4711985101795586,-1.794697713431104,-1.4494214108438275,-1.2561875768926911,-1.317787821636042,-1.391451780192599,-1.1823565650544863,-0.8023836379572686
National,Special Food Services (722300),All Occupations (00-0000),817540.0,0.0,44110.0,0.4,28830.0,33710.0,38080.0,47370.0,64050.0,13.614056333401129,44110.0,28830.0,33710.0,38080.0,47370.0,64050.0,35220.0,2.2216441207075963,2025,0.5018785497977825,-1.2067506059490176,-1.0288338990381993,-1.003646723803934,-1.0983057008418984,-1.1696872850022384,-1.2318652287971088,-1.1519491770603751,-1.0822029629916887
National,Drinking Places (Alcoholic Beverages) (722400),All Occupations (00-0000),410960.0,0.0,40650.0,0.9,21240.0,28580.0,35190.0,46440.0,65370.0,12.926253598465033,40650.0,23029.0,28643.0,35190.0,46440.0,65370.0,44130.0,3.077683615819209,2025,0.11966394892898381,-1.356190363680394,-1.794697713431104,-1.4494214108438275,-1.2435526040655538,-1.1994997306882638,-1.2026076943746022,-0.9386186045977521,-0.1640472220831353
National,Restaurants and Other Eating Places (722500),All Occupations (00-0000),11040380.0,0.0,37410.0,0.4,22780.0,28450.0,34670.0,41960.0,55190.0,16.217070109087302,37987.2,23029.0,28643.0,34938.6,41960.0,55190.0,32410.0,2.4227392449517122,2025,1.9483832244590622,-1.4711985101795586,-1.794697713431104,-1.4494214108438275,-1.2561875768926911,-1.3431123722725582,-1.4282453462087816,-1.2192285158504952,-0.8665159019999754
National,Full-Service Restaurants (722511),All Occupations (00-0000),5361600.0,0.0,40460.0,0.5,22460.0,29380.0,36080.0,45850.0,62400.0,15.494773182476655,40460.0,23029.0,29380.0,36080.0,45850.0,62400.0,39940.0,2.778272484416741,2025,1.547000069826944,-1.364396593151192,-1.794697713431104,-1.3845830559299925,-1.1988225888859505,-1.218413002682624,-1.268437146825242,-1.038939042153127,-0.4851843317129409
National,Sector 81 - Other Services (except Public Administration) (81--82),All Occupations (00-0000),4484430.0,0.0,57260.0,0.2,29190.0,35220.0,45900.0,64680.0,97310.0,15.31612217809113,57260.0,29190.0,35220.0,45900.0,64680.0,97310.0,68120.0,3.3336759164097294,2025,1.447723025890258,-0.6387931452069368,-0.9813057188655662,-0.870802875880066,-0.7052846685896542,-0.6147911185236368,-0.49466402054516334,-0.3642302282365488,0.11052048391380499
National,Repair and Maintenance (811000),All Occupations (00-0000),1469640.0,0.0,56780.0,0.4,30790.0,37080.0,48610.0,65880.0,90420.0,14.200528711241848,56780.0,30790.0,37080.0,48610.0,65880.0,90420.0,59630.0,2.9366677492692435,2025,0.8277834850809963,-0.6595246722910584,-0.7700693625427516,-0.7071674075764935,-0.5690842852899635,-0.5763234466707008,-0.6473794843111256,-0.567504814118442,-0.31529553267091254
National,Automotive Repair and Maintenance (811100),All Occupations (00-0000),1039270.0,0.0,52980.0,0.4,29440.0,35800.0,46630.0,62070.0,81460.0,13.85403006379069,52980.0,29440.0,35800.0,46630.0,62070.0,81460.0,52020.0,2.766983695652174,2025,0.6352328662623205,-0.8236492617070209,-0.9483000381901264,-0.8197767621079843,-0.6685960044535751,-0.6984583048037726,-0.8459760816032913,-0.7497097138311872,-0.49729226162888446
National,Automotive Mechanical and Electrical Repair and Maintenance (811110),All Occupations (00-0000),445340.0,0.0,57620.0,0.7,33350.0,39190.0,51000.0,70720.0,87880.0,13.006595559831295,57620.0,33350.0,39190.0,51000.0,70720.0,87880.0,54530.0,2.6350824587706145,2025,0.16431028302574388,-0.6232444998938456,-0.4320911924262484,-0.5215379247159893,-0.4489666040773211,-0.4211705035305256,-0.7036780732756458,-0.6896132225987311,-0.6387645635113491
National,"Automotive Body, Paint, Interior, and Glass Repair (811120)",All Occupations (00-0000),292170.0,0.0,59890.0,0.5,35420.0,42490.0,51960.0,70240.0,94660.0,12.585094526282385,59890.0,35420.0,42490.0,51960.0,70240.0,94660.0,59240.0,2.6725014116318464,2025,-0.06991944756503547,-0.5252016530585206,-0.15880415643360704,-0.23121693256448972,-0.400718497816176,-0.4365575722717,-0.5534007373782257,-0.5768425159434053,-0.5986304031314625
National,Other Automotive Repair and Maintenance (811190),All Occupations (00-0000),301760.0,0.0,39430.0,0.4,26950.0,29420.0,35450.0,43250.0,58460.0,12.617390592313573,39430.0,26950.0,29420.0,35450.0,43250.0,58460.0,31510.0,2.1692022263450834,2025,-0.0519724005983062,-1.408882995019203,-1.2770366177175065,-1.3810640136008834,-1.230485408619827,-1.301759625030652,-1.355766454116663,-1.2407770585234874,-1.1384501649584429
National,Electronic and Precision Equipment Repair and Maintenance (811200),All Occupations (00-0000),101470.0,0.1,66980.0,1.1,35310.0,41560.0,55750.0,77790.0,110830.0,11.527528322354161,66980.0,35310.0,41560.0,55750.0,77790.0,110830.0,75520.0,3.138770886434438,2025,-0.6576130172399401,-0.21897972175347466,-0.17332665593080054,-0.31303466671627594,-0.2102389949726971,-0.19453180353031102,-0.19499594070252046,-0.18705332181416845,-0.09852731496191766
National,Commercial & Industrial Machinery & Equipment (except Automotive & Electronic) Repair & Maintenance (811300),All Occupations (00-0000),244630.0,0.0,69520.0,0.6,38370.0,47770.0,60900.0,78790.0,105590.0,12.407506231735349,69520.0,38370.0,47770.0,60900.0,78790.0,105590.0,67220.0,2.7518894970028667,2025,-0.16860593959471956,-0.10927539093333129,0.23066287553658227,0.2332966548779096,0.04859199174073733,-0.16247541031953103,-0.3111394864403495,-0.38577877090954105,-0.5134817309505874
National,Personal and Household Goods Repair and Maintenance (811400),All Occupations (00-0000),84260.0,0.0,54320.0,0.6,31710.0,38250.0,48140.0,61640.0,81180.0,11.341674403490117,54320.0,31710.0,38250.0,48140.0,61640.0,81180.0,49470.0,2.5600756859035005,2025,-0.7608927482010606,-0.7657737485971815,-0.6486084576571333,-0.6042354194500528,-0.5927057539803158,-0.7122425538844079,-0.8521822252686715,-0.8107639180713317,-0.7192140048142711
National,Personal and Laundry Services (812000),All Occupations (00-0000),1585390.0,0.0,45080.0,0.4,28070.0,32150.0,37120.0,48810.0,70970.0,14.276341622568273,45080.0,28070.0,32150.0,37120.0,48810.0,70970.0,42900.0,2.528322052012825,2025,0.8699130088114063,-1.164855644966522,-1.1291711682915364,-1.1408893746391884,-1.1465538071030434,-1.1235260787787154,-1.0784848210669986,-0.9680682795841749,-0.7532717573104114
National,Personal Care Services (812100),All Occupations (00-0000),755790.0,0.0,45190.0,0.6,27680.0,32220.0,36810.0,49840.0,72660.0,13.53552016191448,45190.0,27680.0,32220.0,36810.0,49840.0,72660.0,44980.0,2.625,2025,0.45823570001859115,-1.1601046700097442,-1.1806600301452224,-1.1347310505632475,-1.1621339247498714,-1.0905079937716118,-1.0410263110866682,-0.9182672031843707,-0.6495786292823525
National,Death Care Services (812200),All Occupations (00-0000),134630.0,0.0,52450.0,0.6,29290.0,35190.0,44720.0,60070.0,81770.0,11.81029298171068,52450.0,29290.0,35190.0,44720.0,60070.0,81770.0,52480.0,2.791737794469102,2025,-0.500479618481654,-0.8465403228624051,-0.9681034465953903,-0.8734421576268978,-0.764589632535645,-0.7625710912253325,-0.8391049939737633,-0.738696014242769,-0.47074194698853383
National,Drycleaning and Laundry Services (812300),All Occupations (00-0000),258640.0,0.0,42830.0,0.5,28390.0,31940.0,36780.0,46000.0,62400.0,12.463196278769818,42830.0,28390.0,31940.0,36780.0,46000.0,62400.0,34010.0,2.197957027122226,2025,-0.13765876823515547,-1.2620346781733418,-1.0869238970269735,-1.1593643468670112,-1.1636416780705323,-1.213604543701007,-1.268437146825242,-1.1809199955429535,-1.1076088479830235
National,Other Personal Services (812900),All Occupations (00-0000),436330.0,0.0,43940.0,0.8,28030.0,31200.0,37000.0,46680.0,65330.0,12.986156408616045,43940.0,28030.0,31200.0,37000.0,46680.0,65330.0,37300.0,2.330717088833393,2025,0.15295216880632378,-1.2140930217913106,-1.1344520771996067,-1.2244666299555291,-1.1525848203856865,-1.1918061963176767,-1.2034942863267994,-1.102148100660571,-0.9652154029147105
National,"Religious, Grantmaking, Civic, Professional, and Similar Organizations (813000)",All Occupations (00-0000),1429400.0,0.0,71280.0,0.4,30990.0,38000.0,55440.0,83030.0,129620.0,14.172766033362006,71280.0,30990.0,38000.0,55440.0,83030.0,129620.0,98630.0,4.182639561148758,2025,0.8123556591857143,-0.03325979162488548,-0.7436648180023998,-0.6262294340069846,-0.2258191126195252,-0.026556303105823863,0.22148062884209935,0.366265368377887,1.0210869340495639
National,Religious Organizations (813100),All Occupations (00-0000),204160.0,0.0,60540.0,1.1,32770.0,37060.0,47390.0,66550.0,100200.0,12.226664177245688,60540.0,32770.0,37060.0,47390.0,66550.0,100200.0,67430.0,3.0576747024717728,2025,-0.2691005584238833,-0.49712771013210594,-0.5086643715932686,-0.7089269287410481,-0.6303995869968353,-0.5548456632194781,-0.43060775199891793,-0.3807507776191762,-0.18550802939891806
National,Grantmaking and Giving Services (813200),All Occupations (00-0000),164770.0,0.0,94550.0,0.9,40930.0,54210.0,75970.0,108390.0,167330.0,12.012311910099031,94550.0,40930.0,54210.0,75970.0,108390.0,167330.0,126400.0,4.088199364769118,2025,-0.38821693012658315,0.9717873651407588,0.5686410456530855,0.7998624698644724,0.8059867431526707,0.7863938287195568,1.0573151917759798,1.0311576239656577,0.9197939341661983
National,Social Advocacy Organizations (813300),All Occupations (00-0000),264700.0,0.0,72290.0,0.8,35380.0,44440.0,59860.0,83760.0,125670.0,12.486356166069786,72290.0,35380.0,44440.0,59860.0,83760.0,125670.0,90290.0,3.552006783493499,2025,-0.12478873060533097,0.010362796614620352,-0.1640850653416774,-0.05966361902042178,-0.003676790042169821,-0.0031551360619544696,0.13392967356262897,0.16658220627482587,0.3446939539175093
National,Civic and Social Organizations (813400),All Occupations (00-0000),358750.0,0.0,45880.0,0.7,24370.0,30330.0,37200.0,49970.0,74410.0,12.790383833508528,45880.0,24370.0,30330.0,37200.0,49970.0,74410.0,50040.0,3.0533442757488714,2025,0.04416060277289013,-1.1303030998263193,-1.617655242288045,-1.3010058006136518,-1.1425331315812812,-1.0863406626542105,-1.0022379131780421,-0.79711650771177,-0.19015268210351943
National,"Business, Professional, Labor, Political, and Similar Organizations (813900)",All Occupations (00-0000),437030.0,0.0,87770.0,0.6,36550.0,47570.0,71770.0,104350.0,159800.0,12.987759409776833,87770.0,36550.0,47570.0,71770.0,104350.0,159800.0,123250.0,4.372093023255814,2025,0.1538429626600583,0.6789545450775414,-0.00961847978061927,0.21570144323236418,0.594901278260161,0.6568860001480056,0.8904142567748629,0.9557377246101849,1.224287586428243
National,Labor Unions and Similar Labor Organizations (813930),All Occupations (00-0000),108090.0,0.0,93850.0,0.9,44120.0,60860.0,81760.0,118830.0,157230.0,11.590728743917088,93850.0,44120.0,60860.0,81760.0,118830.0,157230.0,113110.0,3.563689936536718,2025,-0.622492302134528,0.9415538881430815,0.989793531071697,1.384903257078858,1.0969831340402019,1.1210625738400999,0.8334507238461948,0.7129574771611393,0.3572248641147616
National,"Sector 99 - Federal, State, and Local Government, excl. State & Local Schools & Hospitals & USPS (99-100)",All Occupations (00-0000),10242890.0,0.0,80290.0,0.1,38430.0,49690.0,69080.0,99980.0,134520.0,16.142094461948403,80290.0,38430.0,49690.0,69080.0,99980.0,134520.0,96090.0,3.500390320062451,2025,1.9067189716282897,0.35588824801664676,0.23858423889868782,0.4022106866751457,0.45970606384091084,0.516799561816897,0.33008814298625244,0.30545059238966454,0.2893320780984106
National,"Federal, State, and Local Government, excluding State and Local Schools and Hospitals and USPS (999000)",All Occupations (00-0000),10242890.0,0.0,80290.0,0.1,38430.0,49690.0,69080.0,99980.0,134520.0,16.142094461948403,80290.0,38430.0,49690.0,69080.0,99980.0,134520.0,96090.0,3.500390320062451,2025,1.9067189716282897,0.35588824801664676,0.23858423889868782,0.4022106866751457,0.45970606384091084,0.516799561816897,0.33008814298625244,0.30545059238966454,0.2893320780984106
National,"Federal, State, and Local Government, including State and Local Schools and Hospitals and USPS (999001)",All Occupations (00-0000),22713690.0,0.0,74640.0,0.1,36170.0,47280.0,63390.0,91420.0,126370.0,16.93847842839649,74640.0,36170.0,47280.0,63390.0,91420.0,126370.0,90200.0,3.493779375172795,2025,2.349272576627472,0.1118608979639656,-0.05978711440728773,0.1901883863463233,0.17373551735558232,0.2423968359326203,0.14944503272607942,0.16442735200752664,0.28224142744744224
National,Federal Executive Branch (OEWS Designation) (999100),All Occupations (00-0000),2156590.0,0.0,111080.0,0.0,55430.0,72430.0,103380.0,138010.0,177690.0,14.584039292185752,111080.0,55430.0,72430.0,103380.0,138010.0,177690.0,122260.0,3.205664802453545,2025,1.0409017763859219,1.6857293291001958,2.4829705248285925,2.402786250773661,2.183570693796406,1.7359041956228602,1.2869425073950462,0.9320343276698935,-0.026779418544136298
National,"Federal Government, including the U.S. Postal Service (OEWS Designation) (999101)",All Occupations (00-0000),2775480.0,0.0,100970.0,0.0,51060.0,64310.0,87670.0,127130.0,166610.0,14.83633462347552,100970.0,51060.0,64310.0,87670.0,127130.0,166610.0,115550.0,3.263023893458676,2025,1.181103253425613,1.249071539890885,1.906031226621905,1.6884206579645165,1.394010538210376,1.3871306374895738,1.0413565366364308,0.7713779706301405,0.03474178345693561
National,"State Government, excluding Schools and Hospitals (OEWS Designation) (999200)",All Occupations (00-0000),2250900.0,0.0,75780.0,0.0,41870.0,51140.0,67320.0,91910.0,119660.0,14.626841138468569,75780.0,41870.0,51140.0,67320.0,91910.0,119660.0,77790.0,2.8578934798184856,2025,1.064686925473697,0.16109827478875438,0.6927424049927391,0.52977597110535,0.37125120236214487,0.25810446860590247,0.0007192327450044394,-0.13270310862784368,-0.3997858489999044
National,"State Government, including Schools and Hospitals (OEWS Designation) (999201)",All Occupations (00-0000),4795000.0,0.0,79340.0,0.1,38880.0,49850.0,66750.0,95770.0,130840.0,15.383084474850227,79340.0,38880.0,49850.0,66750.0,95770.0,130840.0,91960.0,3.3652263374485596,2025,1.4849342293778605,0.3148571006626561,0.2979944641144794,0.41628685599158205,0.34260388926959,0.38184214639951325,0.24852168338411298,0.20656672434582252,0.14436027795404027
National,"Local Government, excluding Schools and Hospitals (OEWS Designation) (999300)",All Occupations (00-0000),5835400.0,0.0,70650.0,0.1,35880.0,46280.0,61750.0,84500.0,116400.0,15.579453544563398,70650.0,35880.0,46280.0,61750.0,84500.0,116400.0,80520.0,3.2441471571906355,2025,1.5940572697367656,-0.06046992092279506,-0.09807370399079786,0.10221232811859615,0.09131166915945951,0.020566594914022726,-0.07153801135906478,-0.06733919585310065,0.014495306661074387
National,"Local Government, including Schools and Hospitals (OEWS Designation) (999301)",All Occupations (00-0000),15143210.0,0.0,68320.0,0.1,34460.0,44940.0,60830.0,81200.0,108630.0,16.53306287067253,68320.0,34460.0,44940.0,60830.0,81200.0,108630.0,74170.0,3.1523505513639,2025,2.1239816062508257,-0.16110420864363525,-0.2855459702272958,-0.015675589906558214,0.0450739006591955,-0.08521950268155125,-0.24375849807336472,-0.21937613582365678,-0.08396227750067926
